Periode,Date,IPC,Date2,JOIN,LEFT,RIGHT,DAY
2025-03,3/1/2025,120.42,1/3/2025,1/3/2025,2025,3,1
2025-02,2/1/2025,120.16,1/2/2025,1/2/2025,2025,2,1
2025-01,1/1/2025,120.14,1/1/2025,1/1/2025,2025,1,1
2024-12,12/1/2024,119.95,1/12/2024,1/12/2024,2024,12,1
2024-11,11/1/2024,119.72,1/11/2024,1/11/2024,2024,11,1
2024-10,10/1/2024,119.89,1/10/2024,1/10/2024,2024,10,1
2024-09,9/1/2024,119.56,1/9/2024,1/9/2024,2024,9,1
2024-08,8/1/2024,121.06,1/8/2024,1/8/2024,2024,8,1
2024-07,7/1/2024,120.42,1/7/2024,1/7/2024,2024,7,1
2024-06,6/1/2024,120.2,1/6/2024,1/6/2024,2024,6,1
2024-05,5/1/2024,120.11,1/5/2024,1/5/2024,2024,5,1
2024-04,4/1/2024,120.07,1/4/2024,1/4/2024,2024,4,1
2024-03,3/1/2024,119.47,1/3/2024,1/3/2024,2024,3,1
2024-02,2/1/2024,119.21,1/2/2024,1/2/2024,2024,2,1
2024-01,1/1/2024,118.19,1/1/2024,1/1/2024,2024,1,1
2023-12,12/1/2023,118.39,1/12/2023,1/12/2023,2023,12,1
2023-11,11/1/2023,118.23,1/11/2023,1/11/2023,2023,11,1
2023-10,10/1/2023,118.43,1/10/2023,1/10/2023,2023,10,1
2023-09,9/1/2023,118.26,1/9/2023,1/9/2023,2023,9,1
2023-08,8/1/2023,118.89,1/8/2023,1/8/2023,2023,8,1
2023-07,7/1/2023,117.71,1/7/2023,1/7/2023,2023,7,1
2023-06,6/1/2023,117.65,1/6/2023,1/6/2023,2023,6,1
2023-05,5/1/2023,117.44,1/5/2023,1/5/2023,2023,5,1
2023-04,4/1/2023,117.5,1/4/2023,1/4/2023,2023,4,1
2023-03,3/1/2023,116.79,1/3/2023,1/3/2023,2023,3,1
2023-02,2/1/2023,115.78,1/2/2023,1/2/2023,2023,2,1
2023-01,1/1/2023,114.6,1/1/2023,1/1/2023,2023,1,1
2022-12,12/1/2022,114.16,1/12/2022,1/12/2022,2022,12,1
2022-11,11/1/2022,114.26,1/11/2022,1/11/2022,2022,11,1
2022-10,10/1/2022,113.9,1/10/2022,1/10/2022,2022,10,1
2022-09,9/1/2022,112.74,1/9/2022,1/9/2022,2022,9,1
2022-08,8/1/2022,113.38,1/8/2022,1/8/2022,2022,8,1
2022-07,7/1/2022,112.87,1/7/2022,1/7/2022,2022,7,1
2022-06,6/1/2022,112.55,1/6/2022,1/6/2022,2022,6,1
2022-05,5/1/2022,111.72,1/5/2022,1/5/2022,2022,5,1
2022-04,4/1/2022,110.97,1/4/2022,1/4/2022,2022,4,1
2022-03,3/1/2022,110.49,1/3/2022,1/3/2022,2022,3,1
2022-02,2/1/2022,108.94,1/2/2022,1/2/2022,2022,2,1
2022-01,1/1/2022,108.12,1/1/2022,1/1/2022,2022,1,1
2021-12,12/1/2021,107.85,1/12/2021,1/12/2021,2021,12,1
2021-11,11/1/2021,107.64,1/11/2021,1/11/2021,2021,11,1
2021-10,10/1/2021,107.25,1/10/2021,1/10/2021,2021,10,1
2021-09,9/1/2021,106.81,1/9/2021,1/9/2021,2021,9,1
2021-08,8/1/2021,107.05,1/8/2021,1/8/2021,2021,8,1
2021-07,7/1/2021,106.4,1/7/2021,1/7/2021,2021,7,1
2021-06,6/1/2021,106.34,1/6/2021,1/6/2021,2021,6,1
2021-05,5/1/2021,106.2,1/5/2021,1/5/2021,2021,5,1
2021-04,4/1/2021,105.86,1/4/2021,1/4/2021,2021,4,1
2021-03,3/1/2021,105.75,1/3/2021,1/3/2021,2021,3,1
2021-02,2/1/2021,105.12,1/2/2021,1/2/2021,2021,2,1
2021-01,1/1/2021,105.12,1/1/2021,1/1/2021,2021,1,1
2020-12,12/1/2020,104.96,1/12/2020,1/12/2020,2020,12,1
2020-11,11/1/2020,104.73,1/11/2020,1/11/2020,2020,11,1
2020-10,10/1/2020,104.51,1/10/2020,1/10/2020,2020,10,1
2020-09,9/1/2020,104.55,1/9/2020,1/9/2020,2020,9,1
2020-08,8/1/2020,105.09,1/8/2020,1/8/2020,2020,8,1
2020-07,7/1/2020,105.19,1/7/2020,1/7/2020,2020,7,1
2020-06,6/1/2020,104.79,1/6/2020,1/6/2020,2020,6,1
2020-05,5/1/2020,104.71,1/5/2020,1/5/2020,2020,5,1
2020-04,4/1/2020,104.56,1/4/2020,1/4/2020,2020,4,1
2020-03,3/1/2020,104.59,1/3/2020,1/3/2020,2020,3,1
2020-02,2/1/2020,104.53,1/2/2020,1/2/2020,2020,2,1
2020-01,1/1/2020,104.54,1/1/2020,1/1/2020,2020,1,1
2019-12,12/1/2019,104.98,1/12/2019,1/12/2019,2019,12,1
2019-11,11/1/2019,104.52,1/11/2019,1/11/2019,2019,11,1
2019-10,10/1/2019,104.46,1/10/2019,1/10/2019,2019,10,1
2019-09,9/1/2019,104.5,1/9/2019,1/9/2019,2019,9,1
2019-08,8/1/2019,104.86,1/8/2019,1/8/2019,2019,8,1
2019-07,7/1/2019,104.38,1/7/2019,1/7/2019,2019,7,1
2019-06,6/1/2019,104.58,1/6/2019,1/6/2019,2019,6,1
2019-05,5/1/2019,104.33,1/5/2019,1/5/2019,2019,5,1
2019-04,4/1/2019,104.22,1/4/2019,1/4/2019,2019,4,1
2019-03,3/1/2019,103.89,1/3/2019,1/3/2019,2019,3,1
2019-02,2/1/2019,103.06,1/2/2019,1/2/2019,2019,2,1
2019-01,1/1/2019,103.01,1/1/2019,1/1/2019,2019,1,1
2018-12,12/1/2018,103.47,1/12/2018,1/12/2018,2018,12,1
2018-11,11/1/2018,103.45,1/11/2018,1/11/2018,2018,11,1
2018-10,10/1/2018,103.67,1/10/2018,1/10/2018,2018,10,1
2018-09,9/1/2018,103.56,1/9/2018,1/9/2018,2018,9,1
2018-08,8/1/2018,103.78,1/8/2018,1/8/2018,2018,8,1
2018-07,7/1/2018,103.28,1/7/2018,1/7/2018,2018,7,1
2018-06,6/1/2018,103.37,1/6/2018,1/6/2018,2018,6,1
2018-05,5/1/2018,103.36,1/5/2018,1/5/2018,2018,5,1
2018-04,4/1/2018,102.92,1/4/2018,1/4/2018,2018,4,1
2018-03,3/1/2018,102.75,1/3/2018,1/3/2018,2018,3,1
2018-02,2/1/2018,101.72,1/2/2018,1/2/2018,2018,2,1
2018-01,1/1/2018,101.75,1/1/2018,1/1/2018,2018,1,1
2017-12,12/1/2017,101.85,1/12/2017,1/12/2017,2017,12,1
2017-11,11/1/2017,101.53,1/11/2017,1/11/2017,2017,11,1
2017-10,10/1/2017,101.43,1/10/2017,1/10/2017,2017,10,1
2017-09,9/1/2017,101.33,1/9/2017,1/9/2017,2017,9,1
2017-08,8/1/2017,101.49,1/8/2017,1/8/2017,2017,8,1
2017-07,7/1/2017,100.97,1/7/2017,1/7/2017,2017,7,1
2017-06,6/1/2017,101.32,1/6/2017,1/6/2017,2017,6,1
2017-05,5/1/2017,101.31,1/5/2017,1/5/2017,2017,5,1
2017-04,4/1/2017,101.26,1/4/2017,1/4/2017,2017,4,1
2017-03,3/1/2017,101.17,1/3/2017,1/3/2017,2017,3,1
2017-02,2/1/2017,100.53,1/2/2017,1/2/2017,2017,2,1
2017-01,1/1/2017,100.41,1/1/2017,1/1/2017,2017,1,1
2016-12,12/1/2016,100.65,1/12/2016,1/12/2016,2016,12,1
2016-11,11/1/2016,100.35,1/11/2016,1/11/2016,2016,11,1
2016-10,10/1/2016,100.37,1/10/2016,1/10/2016,2016,10,1
2016-09,9/1/2016,100.34,1/9/2016,1/9/2016,2016,9,1
2016-08,8/1/2016,100.58,1/8/2016,1/8/2016,2016,8,1
2016-07,7/1/2016,100.25,1/7/2016,1/7/2016,2016,7,1
2016-06,6/1/2016,100.63,1/6/2016,1/6/2016,2016,6,1
2016-05,5/1/2016,100.5,1/5/2016,1/5/2016,2016,5,1
2016-04,4/1/2016,100.09,1/4/2016,1/4/2016,2016,4,1
2016-03,3/1/2016,100.02,1/3/2016,1/3/2016,2016,3,1
2016-02,2/1/2016,99.33,1/2/2016,1/2/2016,2016,2,1
2016-01,1/1/2016,99.08,1/1/2016,1/1/2016,2016,1,1
2015-12,12/1/2015,100.04,1/12/2015,1/12/2015,2015,12,1
2015-11,11/1/2015,99.82,1/11/2015,1/11/2015,2015,11,1
2015-10,10/1/2015,100.01,1/10/2015,1/10/2015,2015,10,1
2015-09,9/1/2015,99.95,1/9/2015,1/9/2015,2015,9,1
2015-08,8/1/2015,100.35,1/8/2015,1/8/2015,2015,8,1
2015-07,7/1/2015,100.03,1/7/2015,1/7/2015,2015,7,1
2015-06,6/1/2015,100.44,1/6/2015,1/6/2015,2015,6,1
2015-05,5/1/2015,100.52,1/5/2015,1/5/2015,2015,5,1
2015-04,4/1/2015,100.28,1/4/2015,1/4/2015,2015,4,1
2015-03,3/1/2015,100.17,1/3/2015,1/3/2015,2015,3,1
2015-02,2/1/2015,99.52,1/2/2015,1/2/2015,2015,2,1
2015-01,1/1/2015,98.86,1/1/2015,1/1/2015,2015,1,1
2014-12,12/1/2014,99.86,1/12/2014,1/12/2014,2014,12,1
2014-11,11/1/2014,99.78,1/11/2014,1/11/2014,2014,11,1
2014-10,10/1/2014,99.95,1/10/2014,1/10/2014,2014,10,1
2014-09,9/1/2014,99.92,1/9/2014,1/9/2014,2014,9,1
2014-08,8/1/2014,100.3,1/8/2014,1/8/2014,2014,8,1
2014-07,7/1/2014,99.86,1/7/2014,1/7/2014,2014,7,1
2014-06,6/1/2014,100.18,1/6/2014,1/6/2014,2014,6,1
2014-05,5/1/2014,100.22,1/5/2014,1/5/2014,2014,5,1
2014-04,4/1/2014,100.2,1/4/2014,1/4/2014,2014,4,1
2014-03,3/1/2014,100.24,1/3/2014,1/3/2014,2014,3,1
2014-02,2/1/2014,99.79,1/2/2014,1/2/2014,2014,2,1
2014-01,1/1/2014,99.24,1/1/2014,1/1/2014,2014,1,1
2013-12,12/1/2013,99.8,1/12/2013,1/12/2013,2013,12,1
2013-11,11/1/2013,99.46,1/11/2013,1/11/2013,2013,11,1
2013-10,10/1/2013,99.5,1/10/2013,1/10/2013,2013,10,1
2013-09,9/1/2013,99.63,1/9/2013,1/9/2013,2013,9,1
2013-08,8/1/2013,99.86,1/8/2013,1/8/2013,2013,8,1
2013-07,7/1/2013,99.4,1/7/2013,1/7/2013,2013,7,1
2013-06,6/1/2013,99.7,1/6/2013,1/6/2013,2013,6,1
2013-05,5/1/2013,99.54,1/5/2013,1/5/2013,2013,5,1
2013-04,4/1/2013,99.48,1/4/2013,1/4/2013,2013,4,1
2013-03,3/1/2013,99.63,1/3/2013,1/3/2013,2013,3,1
2013-02,2/1/2013,98.88,1/2/2013,1/2/2013,2013,2,1
2013-01,1/1/2013,98.6,1/1/2013,1/1/2013,2013,1,1
2012-12,12/1/2012,99.1,1/12/2012,1/12/2012,2012,12,1
2012-11,11/1/2012,98.79,1/11/2012,1/11/2012,2012,11,1
2012-10,10/1/2012,98.94,1/10/2012,1/10/2012,2012,10,1
2012-09,9/1/2012,98.76,1/9/2012,1/9/2012,2012,9,1
2012-08,8/1/2012,99,1/8/2012,1/8/2012,2012,8,1
2012-07,7/1/2012,98.35,1/7/2012,1/7/2012,2012,7,1
2012-06,6/1/2012,98.78,1/6/2012,1/6/2012,2012,6,1
2012-05,5/1/2012,98.75,1/5/2012,1/5/2012,2012,5,1
2012-04,4/1/2012,98.8,1/4/2012,1/4/2012,2012,4,1
2012-03,3/1/2012,98.67,1/3/2012,1/3/2012,2012,3,1
2012-02,2/1/2012,97.86,1/2/2012,1/2/2012,2012,2,1
2012-01,1/1/2012,97.46,1/1/2012,1/1/2012,2012,1,1
2011-12,12/1/2011,97.8,1/12/2011,1/12/2011,2011,12,1
2011-11,11/1/2011,97.41,1/11/2011,1/11/2011,2011,11,1
2011-10,10/1/2011,97.14,1/10/2011,1/10/2011,2011,10,1
2011-09,9/1/2011,96.91,1/9/2011,1/9/2011,2011,9,1
2011-08,8/1/2011,96.98,1/8/2011,1/8/2011,2011,8,1
2011-07,7/1/2011,96.48,1/7/2011,1/7/2011,2011,7,1
2011-06,6/1/2011,96.91,1/6/2011,1/6/2011,2011,6,1
2011-05,5/1/2011,96.83,1/5/2011,1/5/2011,2011,5,1
2011-04,4/1/2011,96.78,1/4/2011,1/4/2011,2011,4,1
2011-03,3/1/2011,96.45,1/3/2011,1/3/2011,2011,3,1
2011-02,2/1/2011,95.67,1/2/2011,1/2/2011,2011,2,1
2011-01,1/1/2011,95.22,1/1/2011,1/1/2011,2011,1,1
2010-12,12/1/2010,95.45,1/12/2010,1/12/2010,2010,12,1
2010-11,11/1/2010,95.02,1/11/2010,1/11/2010,2010,11,1
2010-10,10/1/2010,94.91,1/10/2010,1/10/2010,2010,10,1
2010-09,9/1/2010,94.79,1/9/2010,1/9/2010,2010,9,1
2010-08,8/1/2010,94.86,1/8/2010,1/8/2010,2010,8,1
2010-07,7/1/2010,94.64,1/7/2010,1/7/2010,2010,7,1
2010-06,6/1/2010,94.91,1/6/2010,1/6/2010,2010,6,1
2010-05,5/1/2010,94.92,1/5/2010,1/5/2010,2010,5,1
2010-04,4/1/2010,94.81,1/4/2010,1/4/2010,2010,4,1
2010-03,3/1/2010,94.57,1/3/2010,1/3/2010,2010,3,1
2010-02,2/1/2010,94.11,1/2/2010,1/2/2010,2010,2,1
2010-01,1/1/2010,93.59,1/1/2010,1/1/2010,2010,1,1
2009-12,12/1/2009,93.8,1/12/2009,1/12/2009,2009,12,1
2009-11,11/1/2009,93.55,1/11/2009,1/11/2009,2009,11,1
2009-10,10/1/2009,93.42,1/10/2009,1/10/2009,2009,10,1
2009-09,9/1/2009,93.33,1/9/2009,1/9/2009,2009,9,1
2009-08,8/1/2009,93.56,1/8/2009,1/8/2009,2009,8,1
2009-07,7/1/2009,93.08,1/7/2009,1/7/2009,2009,7,1
2009-06,6/1/2009,93.5,1/6/2009,1/6/2009,2009,6,1
2009-05,5/1/2009,93.38,1/5/2009,1/5/2009,2009,5,1
2009-04,4/1/2009,93.24,1/4/2009,1/4/2009,2009,4,1
2009-03,3/1/2009,93.09,1/3/2009,1/3/2009,2009,3,1
2009-02,2/1/2009,92.92,1/2/2009,1/2/2009,2009,2,1
2009-01,1/1/2009,92.57,1/1/2009,1/1/2009,2009,1,1
2008-12,12/1/2008,92.95,1/12/2008,1/12/2008,2008,12,1
2008-11,11/1/2008,93.18,1/11/2008,1/11/2008,2008,11,1
2008-10,10/1/2008,93.62,1/10/2008,1/10/2008,2008,10,1
2008-09,9/1/2008,93.67,1/9/2008,1/9/2008,2008,9,1
2008-08,8/1/2008,93.73,1/8/2008,1/8/2008,2008,8,1
2008-07,7/1/2008,93.76,1/7/2008,1/7/2008,2008,7,1
2008-06,6/1/2008,93.96,1/6/2008,1/6/2008,2008,6,1
2008-05,5/1/2008,93.62,1/5/2008,1/5/2008,2008,5,1
2008-04,4/1/2008,93.12,1/4/2008,1/4/2008,2008,4,1
2008-03,3/1/2008,92.81,1/3/2008,1/3/2008,2008,3,1
2008-02,2/1/2008,92.12,1/2/2008,1/2/2008,2008,2,1
2008-01,1/1/2008,91.92,1/1/2008,1/1/2008,2008,1,1
2007-12,12/1/2007,92.03,1/12/2007,1/12/2007,2007,12,1
2007-11,11/1/2007,91.69,1/11/2007,1/11/2007,2007,11,1
2007-10,10/1/2007,91.19,1/10/2007,1/10/2007,2007,10,1
2007-09,9/1/2007,90.96,1/9/2007,1/9/2007,2007,9,1
2007-08,8/1/2007,90.86,1/8/2007,1/8/2007,2007,8,1
2007-07,7/1/2007,90.49,1/7/2007,1/7/2007,2007,7,1
2007-06,6/1/2007,90.72,1/6/2007,1/6/2007,2007,6,1
2007-05,5/1/2007,90.61,1/5/2007,1/5/2007,2007,5,1
2007-04,4/1/2007,90.39,1/4/2007,1/4/2007,2007,4,1
2007-03,3/1/2007,89.95,1/3/2007,1/3/2007,2007,3,1
2007-02,2/1/2007,89.57,1/2/2007,1/2/2007,2007,2,1
2007-01,1/1/2007,89.4,1/1/2007,1/1/2007,2007,1,1
2006-12,12/1/2006,89.71,1/12/2006,1/12/2006,2006,12,1
2006-11,11/1/2006,89.5,1/11/2006,1/11/2006,2006,11,1
2006-10,10/1/2006,89.4,1/10/2006,1/10/2006,2006,10,1
2006-09,9/1/2006,89.6,1/9/2006,1/9/2006,2006,9,1
2006-08,8/1/2006,89.8,1/8/2006,1/8/2006,2006,8,1
2006-07,7/1/2006,89.5,1/7/2006,1/7/2006,2006,7,1
2006-06,6/1/2006,89.65,1/6/2006,1/6/2006,2006,6,1
2006-05,5/1/2006,89.65,1/5/2006,1/5/2006,2006,5,1
2006-04,4/1/2006,89.27,1/4/2006,1/4/2006,2006,4,1
2006-03,3/1/2006,88.89,1/3/2006,1/3/2006,2006,3,1
2006-02,2/1/2006,88.64,1/2/2006,1/2/2006,2006,2,1
2006-01,1/1/2006,88.3,1/1/2006,1/1/2006,2006,1,1
2005-12,12/1/2005,88.39,1/12/2005,1/12/2005,2005,12,1
2005-11,11/1/2005,88.28,1/11/2005,1/11/2005,2005,11,1
2005-10,10/1/2005,88.46,1/10/2005,1/10/2005,2005,10,1
2005-09,9/1/2005,88.48,1/9/2005,1/9/2005,2005,9,1
2005-08,8/1/2005,88.14,1/8/2005,1/8/2005,2005,8,1
2005-07,7/1/2005,87.8,1/7/2005,1/7/2005,2005,7,1
2005-06,6/1/2005,87.93,1/6/2005,1/6/2005,2005,6,1
2005-05,5/1/2005,87.83,1/5/2005,1/5/2005,2005,5,1
2005-04,4/1/2005,87.77,1/4/2005,1/4/2005,2005,4,1
2005-03,3/1/2005,87.6,1/3/2005,1/3/2005,2005,3,1
2005-02,2/1/2005,87.05,1/2/2005,1/2/2005,2005,2,1
2005-01,1/1/2005,86.52,1/1/2005,1/1/2005,2005,1,1
2004-12,12/1/2004,87,1/12/2004,1/12/2004,2004,12,1
2004-11,11/1/2004,86.9,1/11/2004,1/11/2004,2004,11,1
2004-10,10/1/2004,86.85,1/10/2004,1/10/2004,2004,10,1
2004-09,9/1/2004,86.63,1/9/2004,1/9/2004,2004,9,1
2004-08,8/1/2004,86.55,1/8/2004,1/8/2004,2004,8,1
2004-07,7/1/2004,86.36,1/7/2004,1/7/2004,2004,7,1
2004-06,6/1/2004,86.5,1/6/2004,1/6/2004,2004,6,1
2004-05,5/1/2004,86.47,1/5/2004,1/5/2004,2004,5,1
2004-04,4/1/2004,86.15,1/4/2004,1/4/2004,2004,4,1
2004-03,3/1/2004,85.93,1/3/2004,1/3/2004,2004,3,1
2004-02,2/1/2004,85.59,1/2/2004,1/2/2004,2004,2,1
2004-01,1/1/2004,85.23,1/1/2004,1/1/2004,2004,1,1
2003-12,12/1/2003,85.23,1/12/2003,1/12/2003,2003,12,1
2003-11,11/1/2003,85.14,1/11/2003,1/11/2003,2003,11,1
2003-10,10/1/2003,85.04,1/10/2003,1/10/2003,2003,10,1
2003-09,9/1/2003,84.86,1/9/2003,1/9/2003,2003,9,1
2003-08,8/1/2003,84.54,1/8/2003,1/8/2003,2003,8,1
2003-07,7/1/2003,84.34,1/7/2003,1/7/2003,2003,7,1
2003-06,6/1/2003,84.43,1/6/2003,1/6/2003,2003,6,1
2003-05,5/1/2003,84.27,1/5/2003,1/5/2003,2003,5,1
2003-04,4/1/2003,84.37,1/4/2003,1/4/2003,2003,4,1
2003-03,3/1/2003,84.49,1/3/2003,1/3/2003,2003,3,1
2003-02,2/1/2003,84.15,1/2/2003,1/2/2003,2003,2,1
2003-01,1/1/2003,83.57,1/1/2003,1/1/2003,2003,1,1
2002-12,12/1/2002,83.41,1/12/2002,1/12/2002,2002,12,1
2002-11,11/1/2002,83.27,1/11/2002,1/11/2002,2002,11,1
2002-10,10/1/2002,83.27,1/10/2002,1/10/2002,2002,10,1
2002-09,9/1/2002,83.14,1/9/2002,1/9/2002,2002,9,1
2002-08,8/1/2002,82.99,1/8/2002,1/8/2002,2002,8,1
2002-07,7/1/2002,82.8,1/7/2002,1/7/2002,2002,7,1
2002-06,6/1/2002,82.8,1/6/2002,1/6/2002,2002,6,1
2002-05,5/1/2002,82.81,1/5/2002,1/5/2002,2002,5,1
2002-04,4/1/2002,82.71,1/4/2002,1/4/2002,2002,4,1
2002-03,3/1/2002,82.4,1/3/2002,1/3/2002,2002,3,1
2002-02,2/1/2002,82.04,1/2/2002,1/2/2002,2002,2,1
2002-01,1/1/2002,81.94,1/1/2002,1/1/2002,2002,1,1
2001-12,12/1/2001,81.56,1/12/2001,1/12/2001,2001,12,1
2001-11,11/1/2001,81.46,1/11/2001,1/11/2001,2001,11,1
2001-10,10/1/2001,81.68,1/10/2001,1/10/2001,2001,10,1
2001-09,9/1/2001,81.63,1/9/2001,1/9/2001,2001,9,1
2001-08,8/1/2001,81.48,1/8/2001,1/8/2001,2001,8,1
2001-07,7/1/2001,81.48,1/7/2001,1/7/2001,2001,7,1
2001-06,6/1/2001,81.65,1/6/2001,1/6/2001,2001,6,1
2001-05,5/1/2001,81.6,1/5/2001,1/5/2001,2001,5,1
2001-04,4/1/2001,81.1,1/4/2001,1/4/2001,2001,4,1
2001-03,3/1/2001,80.71,1/3/2001,1/3/2001,2001,3,1
2001-02,2/1/2001,80.35,1/2/2001,1/2/2001,2001,2,1
2001-01,1/1/2001,80.13,1/1/2001,1/1/2001,2001,1,1
2000-12,12/1/2000,80.47,1/12/2000,1/12/2000,2000,12,1
2000-11,11/1/2000,80.51,1/11/2000,1/11/2000,2000,11,1
2000-10,10/1/2000,80.33,1/10/2000,1/10/2000,2000,10,1
2000-09,9/1/2000,80.43,1/9/2000,1/9/2000,2000,9,1
2000-08,8/1/2000,80.02,1/8/2000,1/8/2000,2000,8,1
2000-07,7/1/2000,79.87,1/7/2000,1/7/2000,2000,7,1
2000-06,6/1/2000,80,1/6/2000,1/6/2000,2000,6,1
2000-05,5/1/2000,79.8,1/5/2000,1/5/2000,2000,5,1
2000-04,4/1/2000,79.64,1/4/2000,1/4/2000,2000,4,1
2000-03,3/1/2000,79.64,1/3/2000,1/3/2000,2000,3,1
2000-02,2/1/2000,79.27,1/2/2000,1/2/2000,2000,2,1
2000-01,1/1/2000,79.17,1/1/2000,1/1/2000,2000,1,1
1999-12,12/1/1999,79.17,1/12/1999,1/12/1999,1999,12,1
1999-11,11/1/1999,78.82,1/11/1999,1/11/1999,1999,11,1
1999-10,10/1/1999,78.79,1/10/1999,1/10/1999,1999,10,1
1999-09,9/1/1999,78.74,1/9/1999,1/9/1999,1999,9,1
1999-08,8/1/1999,78.61,1/8/1999,1/8/1999,1999,8,1
1999-07,7/1/1999,78.48,1/7/1999,1/7/1999,1999,7,1
1999-06,6/1/1999,78.69,1/6/1999,1/6/1999,1999,6,1
1999-05,5/1/1999,78.7,1/5/1999,1/5/1999,1999,5,1
1999-04,4/1/1999,78.69,1/4/1999,1/4/1999,1999,4,1
1999-03,3/1/1999,78.47,1/3/1999,1/3/1999,1999,3,1
1999-02,2/1/1999,78.21,1/2/1999,1/2/1999,1999,2,1
1999-01,1/1/1999,77.97,1/1/1999,1/1/1999,1999,1,1
1998-12,12/1/1998,78.19,1/12/1998,1/12/1998,1998,12,1
1998-11,11/1/1998,78.11,1/11/1998,1/11/1998,1998,11,1
1998-10,10/1/1998,78.16,1/10/1998,1/10/1998,1998,10,1
1998-09,9/1/1998,78.2,1/9/1998,1/9/1998,1998,9,1
1998-08,8/1/1998,78.23,1/8/1998,1/8/1998,1998,8,1
1998-07,7/1/1998,78.18,1/7/1998,1/7/1998,1998,7,1
1998-06,6/1/1998,78.44,1/6/1998,1/6/1998,1998,6,1
1998-05,5/1/1998,78.38,1/5/1998,1/5/1998,1998,5,1
1998-04,4/1/1998,78.36,1/4/1998,1/4/1998,1998,4,1
1998-03,3/1/1998,78.2,1/3/1998,1/3/1998,1998,3,1
1998-02,2/1/1998,78.07,1/2/1998,1/2/1998,1998,2,1
1998-01,1/1/1998,77.78,1/1/1998,1/1/1998,1998,1,1
1997-12,12/1/1997,78.02,1/12/1997,1/12/1997,1997,12,1
1997-11,11/1/1997,77.98,1/11/1997,1/11/1997,1997,11,1
1997-10,10/1/1997,77.85,1/10/1997,1/10/1997,1997,10,1
1997-09,9/1/1997,77.89,1/9/1997,1/9/1997,1997,9,1
1997-08,8/1/1997,77.75,1/8/1997,1/8/1997,1997,8,1
1997-07,7/1/1997,77.55,1/7/1997,1/7/1997,1997,7,1
1997-06,6/1/1997,77.65,1/6/1997,1/6/1997,1997,6,1
1997-05,5/1/1997,77.67,1/5/1997,1/5/1997,1997,5,1
1997-04,4/1/1997,77.56,1/4/1997,1/4/1997,1997,4,1
1997-03,3/1/1997,77.53,1/3/1997,1/3/1997,1997,3,1
1997-02,2/1/1997,77.47,1/2/1997,1/2/1997,1997,2,1
1997-01,1/1/1997,77.31,1/1/1997,1/1/1997,1997,1,1
1996-12,12/1/1996,77.14,1/12/1996,1/12/1996,1996,12,1
1996-11,11/1/1996,76.98,1/11/1996,1/11/1996,1996,11,1
1996-10,10/1/1996,77.05,1/10/1996,1/10/1996,1996,10,1
1996-09,9/1/1996,76.85,1/9/1996,1/9/1996,1996,9,1
1996-08,8/1/1996,76.62,1/8/1996,1/8/1996,1996,8,1
1996-07,7/1/1996,76.77,1/7/1996,1/7/1996,1996,7,1
1996-06,6/1/1996,76.91,1/6/1996,1/6/1996,1996,6,1
1996-05,5/1/1996,77,1/5/1996,1/5/1996,1996,5,1
1996-04,4/1/1996,76.84,1/4/1996,1/4/1996,1996,4,1
1996-03,3/1/1996,76.75,1/3/1996,1/3/1996,1996,3,1
1996-02,2/1/1996,76.26,1/2/1996,1/2/1996,1996,2,1
1996-01,1/1/1996,75.97,1/1/1996,1/1/1996,1996,1,1
1995-12,12/1/1995,75.88,1/12/1995,1/12/1995,1995,12,1
1995-11,11/1/1995,75.81,1/11/1995,1/11/1995,1995,11,1
1995-10,10/1/1995,75.75,1/10/1995,1/10/1995,1995,10,1
1995-09,9/1/1995,75.67,1/9/1995,1/9/1995,1995,9,1
1995-08,8/1/1995,75.4,1/8/1995,1/8/1995,1995,8,1
1995-07,7/1/1995,75.04,1/7/1995,1/7/1995,1995,7,1
1995-06,6/1/1995,75.18,1/6/1995,1/6/1995,1995,6,1
1995-05,5/1/1995,75.18,1/5/1995,1/5/1995,1995,5,1
1995-04,4/1/1995,75.07,1/4/1995,1/4/1995,1995,4,1
1995-03,3/1/1995,74.98,1/3/1995,1/3/1995,1995,3,1
1995-02,2/1/1995,74.75,1/2/1995,1/2/1995,1995,2,1
1995-01,1/1/1995,74.52,1/1/1995,1/1/1995,1995,1,1
1994-12,12/1/1994,74.33,1/12/1994,1/12/1994,1994,12,1
1994-11,11/1/1994,74.35,1/11/1994,1/11/1994,1994,11,1
1994-10,10/1/1994,74.34,1/10/1994,1/10/1994,1994,10,1
1994-09,9/1/1994,74.18,1/9/1994,1/9/1994,1994,9,1
1994-08,8/1/1994,73.95,1/8/1994,1/8/1994,1994,8,1
1994-07,7/1/1994,73.96,1/7/1994,1/7/1994,1994,7,1
1994-06,6/1/1994,73.97,1/6/1994,1/6/1994,1994,6,1
1994-05,5/1/1994,74,1/5/1994,1/5/1994,1994,5,1
1994-04,4/1/1994,73.84,1/4/1994,1/4/1994,1994,4,1
1994-03,3/1/1994,73.64,1/3/1994,1/3/1994,1994,3,1
1994-02,2/1/1994,73.47,1/2/1994,1/2/1994,1994,2,1
1994-01,1/1/1994,73.26,1/1/1994,1/1/1994,1994,1,1
1993-12,12/1/1993,73.17,1/12/1993,1/12/1993,1993,12,1
1993-11,11/1/1993,73.2,1/11/1993,1/11/1993,1993,11,1
1993-10,10/1/1993,73.13,1/10/1993,1/10/1993,1993,10,1
1993-09,9/1/1993,73,1/9/1993,1/9/1993,1993,9,1
1993-08,8/1/1993,72.77,1/8/1993,1/8/1993,1993,8,1
1993-07,7/1/1993,72.77,1/7/1993,1/7/1993,1993,7,1
1993-06,6/1/1993,72.71,1/6/1993,1/6/1993,1993,6,1
1993-05,5/1/1993,72.75,1/5/1993,1/5/1993,1993,5,1
1993-04,4/1/1993,72.65,1/4/1993,1/4/1993,1993,4,1
1993-03,3/1/1993,72.56,1/3/1993,1/3/1993,1993,3,1
1993-02,2/1/1993,72.19,1/2/1993,1/2/1993,1993,2,1
1993-01,1/1/1993,71.94,1/1/1993,1/1/1993,1993,1,1
1992-12,12/1/1992,71.66,1/12/1992,1/12/1992,1992,12,1
1992-11,11/1/1992,71.7,1/11/1992,1/11/1992,1992,11,1
1992-10,10/1/1992,71.63,1/10/1992,1/10/1992,1992,10,1
1992-09,9/1/1992,71.43,1/9/1992,1/9/1992,1992,9,1
1992-08,8/1/1992,71.23,1/8/1992,1/8/1992,1992,8,1
1992-07,7/1/1992,71.27,1/7/1992,1/7/1992,1992,7,1
1992-06,6/1/1992,71.31,1/6/1992,1/6/1992,1992,6,1
1992-05,5/1/1992,71.35,1/5/1992,1/5/1992,1992,5,1
1992-04,4/1/1992,71.12,1/4/1992,1/4/1992,1992,4,1
1992-03,3/1/1992,70.97,1/3/1992,1/3/1992,1992,3,1
1992-02,2/1/1992,70.74,1/2/1992,1/2/1992,1992,2,1
1992-01,1/1/1992,70.44,1/1/1992,1/1/1992,1992,1,1
1991-12,12/1/1991,70.32,1/12/1991,1/12/1991,1991,12,1
1991-11,11/1/1991,70.55,1/11/1991,1/11/1991,1991,11,1
1991-10,10/1/1991,70.28,1/10/1991,1/10/1991,1991,10,1
1991-09,9/1/1991,69.92,1/9/1991,1/9/1991,1991,9,1
1991-08,8/1/1991,69.81,1/8/1991,1/8/1991,1991,8,1
1991-07,7/1/1991,69.73,1/7/1991,1/7/1991,1991,7,1
1991-06,6/1/1991,69.55,1/6/1991,1/6/1991,1991,6,1
1991-05,5/1/1991,69.38,1/5/1991,1/5/1991,1991,5,1
1991-04,4/1/1991,69.16,1/4/1991,1/4/1991,1991,4,1
1991-03,3/1/1991,68.95,1/3/1991,1/3/1991,1991,3,1
1991-02,2/1/1991,68.82,1/2/1991,1/2/1991,1991,2,1
1991-01,1/1/1991,68.64,1/1/1991,1/1/1991,1991,1,1
1990-12,12/1/1990,68.26,1/12/1990,1/12/1990,1990,12,1
1990-11,11/1/1990,68.31,1/11/1990,1/11/1990,1990,11,1
1990-10,10/1/1990,68.42,1/10/1990,1/10/1990,1990,10,1
1990-09,9/1/1990,68.12,1/9/1990,1/9/1990,1990,9,1
1990-08,8/1/1990,67.64,1/8/1990,1/8/1990,1990,8,1
1990-07,7/1/1990,67.2,1/7/1990,1/7/1990,1990,7,1
1990-06,6/1/1990,67.18,1/6/1990,1/6/1990,1990,6,1
1990-05,5/1/1990,67.19,1/5/1990,1/5/1990,1990,5,1
1990-04,4/1/1990,67.09,1/4/1990,1/4/1990,1990,4,1
1990-03,3/1/1990,66.72,1/3/1990,1/3/1990,1990,3,1
1990-02,2/1/1990,66.56,1/2/1990,1/2/1990,1990,2,1
1990-01,1/1/1990,66.42,1/1/1990,1/1/1990,1990,1,1
1989-12,12/1/1989,66.07,1/12/1989,1/12/1989,1989,12,1
1989-11,11/1/1989,65.997,1/11/1989,1/11/1989,1989,11,1
1989-10,10/1/1989,65.887,1/10/1989,1/10/1989,1989,10,1
1989-09,9/1/1989,65.594,1/9/1989,1/9/1989,1989,9,1
1989-08,8/1/1989,65.447,1/8/1989,1/8/1989,1989,8,1
1989-07,7/1/1989,65.337,1/7/1989,1/7/1989,1989,7,1
1989-06,6/1/1989,65.154,1/6/1989,1/6/1989,1989,6,1
1989-05,5/1/1989,65.08,1/5/1989,1/5/1989,1989,5,1
1989-04,4/1/1989,64.824,1/4/1989,1/4/1989,1989,4,1
1989-03,3/1/1989,64.42,1/3/1989,1/3/1989,1989,3,1
1989-02,2/1/1989,64.237,1/2/1989,1/2/1989,1989,2,1
1989-01,1/1/1989,64.054,1/1/1989,1/1/1989,1989,1,1
1988-12,12/1/1988,63.797,1/12/1988,1/12/1988,1988,12,1
1988-11,11/1/1988,63.687,1/11/1988,1/11/1988,1988,11,1
1988-10,10/1/1988,63.614,1/10/1988,1/10/1988,1988,10,1
1988-09,9/1/1988,63.467,1/9/1988,1/9/1988,1988,9,1
1988-08,8/1/1988,63.32,1/8/1988,1/8/1988,1988,8,1
1988-07,7/1/1988,63.137,1/7/1988,1/7/1988,1988,7,1
1988-06,6/1/1988,62.917,1/6/1988,1/6/1988,1988,6,1
1988-05,5/1/1988,62.734,1/5/1988,1/5/1988,1988,5,1
1988-04,4/1/1988,62.587,1/4/1988,1/4/1988,1988,4,1
1988-03,3/1/1988,62.294,1/3/1988,1/3/1988,1988,3,1
1988-02,2/1/1988,62.11,1/2/1988,1/2/1988,1988,2,1
1988-01,1/1/1988,62.001,1/1/1988,1/1/1988,1988,1,1
1987-12,12/1/1987,61.891,1/12/1987,1/12/1987,1987,12,1
1987-11,11/1/1987,61.854,1/11/1987,1/11/1987,1987,11,1
1987-10,10/1/1987,61.781,1/10/1987,1/10/1987,1987,10,1
1987-09,9/1/1987,61.634,1/9/1987,1/9/1987,1987,9,1
1987-08,8/1/1987,61.597,1/8/1987,1/8/1987,1987,8,1
1987-07,7/1/1987,61.451,1/7/1987,1/7/1987,1987,7,1
1987-06,6/1/1987,61.304,1/6/1987,1/6/1987,1987,6,1
1987-05,5/1/1987,61.194,1/5/1987,1/5/1987,1987,5,1
1987-04,4/1/1987,61.084,1/4/1987,1/4/1987,1987,4,1
1987-03,3/1/1987,60.754,1/3/1987,1/3/1987,1987,3,1
1987-02,2/1/1987,60.681,1/2/1987,1/2/1987,1987,2,1
1987-01,1/1/1987,60.571,1/1/1987,1/1/1987,1987,1,1
1986-12,12/1/1986,60.021,1/12/1986,1/12/1986,1986,12,1
1986-11,11/1/1986,59.947,1/11/1986,1/11/1986,1986,11,1
1986-10,10/1/1986,59.874,1/10/1986,1/10/1986,1986,10,1
1986-09,9/1/1986,59.727,1/9/1986,1/9/1986,1986,9,1
1986-08,8/1/1986,59.507,1/8/1986,1/8/1986,1986,8,1
1986-07,7/1/1986,59.434,1/7/1986,1/7/1986,1986,7,1
1986-06,6/1/1986,59.361,1/6/1986,1/6/1986,1986,6,1
1986-05,5/1/1986,59.177,1/5/1986,1/5/1986,1986,5,1
1986-04,4/1/1986,59.031,1/4/1986,1/4/1986,1986,4,1
1986-03,3/1/1986,58.811,1/3/1986,1/3/1986,1986,3,1
1986-02,2/1/1986,58.664,1/2/1986,1/2/1986,1986,2,1
1986-01,1/1/1986,58.811,1/1/1986,1/1/1986,1986,1,1
1985-12,12/1/1985,58.774,1/12/1985,1/12/1985,1985,12,1
1985-11,11/1/1985,58.701,1/11/1985,1/11/1985,1985,11,1
1985-10,10/1/1985,58.591,1/10/1985,1/10/1985,1985,10,1
1985-09,9/1/1985,58.407,1/9/1985,1/9/1985,1985,9,1
1985-08,8/1/1985,58.334,1/8/1985,1/8/1985,1985,8,1
1985-07,7/1/1985,58.261,1/7/1985,1/7/1985,1985,7,1
1985-06,6/1/1985,58.041,1/6/1985,1/6/1985,1985,6,1
1985-05,5/1/1985,57.821,1/5/1985,1/5/1985,1985,5,1
1985-04,4/1/1985,57.527,1/4/1985,1/4/1985,1985,4,1
1985-03,3/1/1985,57.124,1/3/1985,1/3/1985,1985,3,1
1985-02,2/1/1985,56.721,1/2/1985,1/2/1985,1985,2,1
1985-01,1/1/1985,56.427,1/1/1985,1/1/1985,1985,1,1
1984-12,12/1/1984,56.134,1/12/1984,1/12/1984,1984,12,1
1984-11,11/1/1984,56.024,1/11/1984,1/11/1984,1984,11,1
1984-10,10/1/1984,55.841,1/10/1984,1/10/1984,1984,10,1
1984-09,9/1/1984,55.474,1/9/1984,1/9/1984,1984,9,1
1984-08,8/1/1984,55.217,1/8/1984,1/8/1984,1984,8,1
1984-07,7/1/1984,54.924,1/7/1984,1/7/1984,1984,7,1
1984-06,6/1/1984,54.558,1/6/1984,1/6/1984,1984,6,1
1984-05,5/1/1984,54.301,1/5/1984,1/5/1984,1984,5,1
1984-04,4/1/1984,54.008,1/4/1984,1/4/1984,1984,4,1
1984-03,3/1/1984,53.678,1/3/1984,1/3/1984,1984,3,1
1984-02,2/1/1984,53.311,1/2/1984,1/2/1984,1984,2,1
1984-01,1/1/1984,52.981,1/1/1984,1/1/1984,1984,1,1
1983-12,12/1/1983,52.614,1/12/1983,1/12/1983,1983,12,1
1983-11,11/1/1983,52.431,1/11/1983,1/11/1983,1983,11,1
1983-10,10/1/1983,52.211,1/10/1983,1/10/1983,1983,10,1
1983-09,9/1/1983,51.808,1/9/1983,1/9/1983,1983,9,1
1983-08,8/1/1983,51.404,1/8/1983,1/8/1983,1983,8,1
1983-07,7/1/1983,51.111,1/7/1983,1/7/1983,1983,7,1
1983-06,6/1/1983,50.671,1/6/1983,1/6/1983,1983,6,1
1983-05,5/1/1983,50.378,1/5/1983,1/5/1983,1983,5,1
1983-04,4/1/1983,50.048,1/4/1983,1/4/1983,1983,4,1
1983-03,3/1/1983,49.424,1/3/1983,1/3/1983,1983,3,1
1983-02,2/1/1983,48.948,1/2/1983,1/2/1983,1983,2,1
1983-01,1/1/1983,48.618,1/1/1983,1/1/1983,1983,1,1
1982-12,12/1/1982,48.141,1/12/1982,1/12/1982,1982,12,1
1982-11,11/1/1982,47.738,1/11/1982,1/11/1982,1982,11,1
1982-10,10/1/1982,47.298,1/10/1982,1/10/1982,1982,10,1
1982-09,9/1/1982,47.041,1/9/1982,1/9/1982,1982,9,1
1982-08,8/1/1982,46.858,1/8/1982,1/8/1982,1982,8,1
1982-07,7/1/1982,46.711,1/7/1982,1/7/1982,1982,7,1
1982-06,6/1/1982,46.565,1/6/1982,1/6/1982,1982,6,1
1982-05,5/1/1982,46.235,1/5/1982,1/5/1982,1982,5,1
1982-04,4/1/1982,45.868,1/4/1982,1/4/1982,1982,4,1
1982-03,3/1/1982,45.355,1/3/1982,1/3/1982,1982,3,1
1982-02,2/1/1982,44.805,1/2/1982,1/2/1982,1982,2,1
1982-01,1/1/1982,44.365,1/1/1982,1/1/1982,1982,1,1
1981-12,12/1/1981,43.888,1/12/1981,1/12/1981,1981,12,1
1981-11,11/1/1981,43.631,1/11/1981,1/11/1981,1981,11,1
1981-10,10/1/1981,43.265,1/10/1981,1/10/1981,1981,10,1
1981-09,9/1/1981,42.715,1/9/1981,1/9/1981,1981,9,1
1981-08,8/1/1981,42.238,1/8/1981,1/8/1981,1981,8,1
1981-07,7/1/1981,41.725,1/7/1981,1/7/1981,1981,7,1
1981-06,6/1/1981,41.028,1/6/1981,1/6/1981,1981,6,1
1981-05,5/1/1981,40.625,1/5/1981,1/5/1981,1981,5,1
1981-04,4/1/1981,40.258,1/4/1981,1/4/1981,1981,4,1
1981-03,3/1/1981,39.708,1/3/1981,1/3/1981,1981,3,1
1981-02,2/1/1981,39.342,1/2/1981,1/2/1981,1981,2,1
1981-01,1/1/1981,38.975,1/1/1981,1/1/1981,1981,1,1
1980-12,12/1/1980,38.535,1/12/1980,1/12/1980,1980,12,1
1980-11,11/1/1980,38.168,1/11/1980,1/11/1980,1980,11,1
1980-10,10/1/1980,37.912,1/10/1980,1/10/1980,1980,10,1
1980-09,9/1/1980,37.508,1/9/1980,1/9/1980,1980,9,1
1980-08,8/1/1980,37.178,1/8/1980,1/8/1980,1980,8,1
1980-07,7/1/1980,36.812,1/7/1980,1/7/1980,1980,7,1
1980-06,6/1/1980,36.298,1/6/1980,1/6/1980,1980,6,1
1980-05,5/1/1980,36.042,1/5/1980,1/5/1980,1980,5,1
1980-04,4/1/1980,35.748,1/4/1980,1/4/1980,1980,4,1
1980-03,3/1/1980,35.308,1/3/1980,1/3/1980,1980,3,1
1980-02,2/1/1980,34.905,1/2/1980,1/2/1980,1980,2,1
1980-01,1/1/1980,34.538,1/1/1980,1/1/1980,1980,1,1
1979-12,12/1/1979,33.878,1/12/1979,1/12/1979,1979,12,1
1979-11,11/1/1979,33.622,1/11/1979,1/11/1979,1979,11,1
1979-10,10/1/1979,33.402,1/10/1979,1/10/1979,1979,10,1
1979-09,9/1/1979,33.035,1/9/1979,1/9/1979,1979,9,1
1979-08,8/1/1979,32.742,1/8/1979,1/8/1979,1979,8,1
1979-07,7/1/1979,32.412,1/7/1979,1/7/1979,1979,7,1
1979-06,6/1/1979,31.972,1/6/1979,1/6/1979,1979,6,1
1979-05,5/1/1979,31.715,1/5/1979,1/5/1979,1979,5,1
1979-04,4/1/1979,31.385,1/4/1979,1/4/1979,1979,4,1
1979-03,3/1/1979,31.092,1/3/1979,1/3/1979,1979,3,1
1979-02,2/1/1979,30.799,1/2/1979,1/2/1979,1979,2,1
1979-01,1/1/1979,30.579,1/1/1979,1/1/1979,1979,1,1
1978-12,12/1/1978,30.322,1/12/1978,1/12/1978,1978,12,1
1978-11,11/1/1978,30.175,1/11/1978,1/11/1978,1978,11,1
1978-10,10/1/1978,30.029,1/10/1978,1/10/1978,1978,10,1
1978-09,9/1/1978,29.735,1/9/1978,1/9/1978,1978,9,1
1978-08,8/1/1978,29.552,1/8/1978,1/8/1978,1978,8,1
1978-07,7/1/1978,29.369,1/7/1978,1/7/1978,1978,7,1
1978-06,6/1/1978,29.002,1/6/1978,1/6/1978,1978,6,1
1978-05,5/1/1978,28.819,1/5/1978,1/5/1978,1978,5,1
1978-04,4/1/1978,28.525,1/4/1978,1/4/1978,1978,4,1
1978-03,3/1/1978,28.232,1/3/1978,1/3/1978,1978,3,1
1978-02,2/1/1978,27.975,1/2/1978,1/2/1978,1978,2,1
1978-01,1/1/1978,27.755,1/1/1978,1/1/1978,1978,1,1
1977-12,12/1/1977,27.645,1/12/1977,1/12/1977,1977,12,1
1977-11,11/1/1977,27.572,1/11/1977,1/11/1977,1977,11,1
1977-10,10/1/1977,27.462,1/10/1977,1/10/1977,1977,10,1
1977-09,9/1/1977,27.242,1/9/1977,1/9/1977,1977,9,1
1977-08,8/1/1977,27.022,1/8/1977,1/8/1977,1977,8,1
1977-07,7/1/1977,26.875,1/7/1977,1/7/1977,1977,7,1
1977-06,6/1/1977,26.619,1/6/1977,1/6/1977,1977,6,1
1977-05,5/1/1977,26.435,1/5/1977,1/5/1977,1977,5,1
1977-04,4/1/1977,26.179,1/4/1977,1/4/1977,1977,4,1
1977-03,3/1/1977,25.849,1/3/1977,1/3/1977,1977,3,1
1977-02,2/1/1977,25.592,1/2/1977,1/2/1977,1977,2,1
1977-01,1/1/1977,25.446,1/1/1977,1/1/1977,1977,1,1
1976-12,12/1/1976,25.372,1/12/1976,1/12/1976,1976,12,1
1976-11,11/1/1976,25.262,1/11/1976,1/11/1976,1976,11,1
1976-10,10/1/1976,25.079,1/10/1976,1/10/1976,1976,10,1
1976-09,9/1/1976,24.822,1/9/1976,1/9/1976,1976,9,1
1976-08,8/1/1976,24.566,1/8/1976,1/8/1976,1976,8,1
1976-07,7/1/1976,24.382,1/7/1976,1/7/1976,1976,7,1
1976-06,6/1/1976,24.162,1/6/1976,1/6/1976,1976,6,1
1976-05,5/1/1976,24.052,1/5/1976,1/5/1976,1976,5,1
1976-04,4/1/1976,23.906,1/4/1976,1/4/1976,1976,4,1
1976-03,3/1/1976,23.686,1/3/1976,1/3/1976,1976,3,1
1976-02,2/1/1976,23.502,1/2/1976,1/2/1976,1976,2,1
1976-01,1/1/1976,23.319,1/1/1976,1/1/1976,1976,1,1
1975-12,12/1/1975,23.099,1/12/1975,1/12/1975,1975,12,1
1975-11,11/1/1975,22.952,1/11/1975,1/11/1975,1975,11,1
1975-10,10/1/1975,22.806,1/10/1975,1/10/1975,1975,10,1
1975-09,9/1/1975,22.622,1/9/1975,1/9/1975,1975,9,1
1975-08,8/1/1975,22.439,1/8/1975,1/8/1975,1975,8,1
1975-07,7/1/1975,22.292,1/7/1975,1/7/1975,1975,7,1
1975-06,6/1/1975,22.146,1/6/1975,1/6/1975,1975,6,1
1975-05,5/1/1975,21.962,1/5/1975,1/5/1975,1975,5,1
1975-04,4/1/1975,21.816,1/4/1975,1/4/1975,1975,4,1
1975-03,3/1/1975,21.632,1/3/1975,1/3/1975,1975,3,1
1975-02,2/1/1975,21.449,1/2/1975,1/2/1975,1975,2,1
1975-01,1/1/1975,21.302,1/1/1975,1/1/1975,1975,1,1
1974-12,12/1/1974,21.046,1/12/1974,1/12/1974,1974,12,1
1974-11,11/1/1974,20.862,1/11/1974,1/11/1974,1974,11,1
1974-10,10/1/1974,20.679,1/10/1974,1/10/1974,1974,10,1
1974-09,9/1/1974,20.459,1/9/1974,1/9/1974,1974,9,1
1974-08,8/1/1974,20.239,1/8/1974,1/8/1974,1974,8,1
1974-07,7/1/1974,20.056,1/7/1974,1/7/1974,1974,7,1
1974-06,6/1/1974,19.799,1/6/1974,1/6/1974,1974,6,1
1974-05,5/1/1974,19.579,1/5/1974,1/5/1974,1974,5,1
1974-04,4/1/1974,19.359,1/4/1974,1/4/1974,1974,4,1
1974-03,3/1/1974,19.066,1/3/1974,1/3/1974,1974,3,1
1974-02,2/1/1974,18.846,1/2/1974,1/2/1974,1974,2,1
1974-01,1/1/1974,18.589,1/1/1974,1/1/1974,1974,1,1
1973-12,12/1/1973,18.296,1/12/1973,1/12/1973,1973,12,1
1973-11,11/1/1973,18.149,1/11/1973,1/11/1973,1973,11,1
1973-10,10/1/1973,18.003,1/10/1973,1/10/1973,1973,10,1
1973-09,9/1/1973,17.819,1/9/1973,1/9/1973,1973,9,1
1973-08,8/1/1973,17.636,1/8/1973,1/8/1973,1973,8,1
1973-07,7/1/1973,17.526,1/7/1973,1/7/1973,1973,7,1
1973-06,6/1/1973,17.379,1/6/1973,1/6/1973,1973,6,1
1973-05,5/1/1973,17.269,1/5/1973,1/5/1973,1973,5,1
1973-04,4/1/1973,17.086,1/4/1973,1/4/1973,1973,4,1
1973-03,3/1/1973,16.976,1/3/1973,1/3/1973,1973,3,1
1973-02,2/1/1973,16.903,1/2/1973,1/2/1973,1973,2,1
1973-01,1/1/1973,16.866,1/1/1973,1/1/1973,1973,1,1
1972-12,12/1/1972,16.866,1/12/1972,1/12/1972,1972,12,1
1972-11,11/1/1972,16.756,1/11/1972,1/11/1972,1972,11,1
1972-10,10/1/1972,16.646,1/10/1972,1/10/1972,1972,10,1
1972-09,9/1/1972,16.499,1/9/1972,1/9/1972,1972,9,1
1972-08,8/1/1972,16.426,1/8/1972,1/8/1972,1972,8,1
1972-07,7/1/1972,16.316,1/7/1972,1/7/1972,1972,7,1
1972-06,6/1/1972,16.206,1/6/1972,1/6/1972,1972,6,1
1972-05,5/1/1972,16.096,1/5/1972,1/5/1972,1972,5,1
1972-04,4/1/1972,16.023,1/4/1972,1/4/1972,1972,4,1
1972-03,3/1/1972,15.949,1/3/1972,1/3/1972,1972,3,1
1972-02,2/1/1972,15.876,1/2/1972,1/2/1972,1972,2,1
1972-01,1/1/1972,15.803,1/1/1972,1/1/1972,1972,1,1
1971-12,12/1/1971,15.766,1/12/1971,1/12/1971,1971,12,1
1971-11,11/1/1971,15.693,1/11/1971,1/11/1971,1971,11,1
1971-10,10/1/1971,15.619,1/10/1971,1/10/1971,1971,10,1
1971-09,9/1/1971,15.546,1/9/1971,1/9/1971,1971,9,1
1971-08,8/1/1971,15.473,1/8/1971,1/8/1971,1971,8,1
1971-07,7/1/1971,15.399,1/7/1971,1/7/1971,1971,7,1
1971-06,6/1/1971,15.326,1/6/1971,1/6/1971,1971,6,1
1971-05,5/1/1971,15.289,1/5/1971,1/5/1971,1971,5,1
1971-04,4/1/1971,15.179,1/4/1971,1/4/1971,1971,4,1
1971-03,3/1/1971,15.069,1/3/1971,1/3/1971,1971,3,1
1971-02,2/1/1971,15.033,1/2/1971,1/2/1971,1971,2,1
1971-01,1/1/1971,14.923,1/1/1971,1/1/1971,1971,1,1
1970-12,12/1/1970,14.849,1/12/1970,1/12/1970,1970,12,1
1970-11,11/1/1970,14.813,1/11/1970,1/11/1970,1970,11,1
1970-10,10/1/1970,14.739,1/10/1970,1/10/1970,1970,10,1
1970-09,9/1/1970,14.703,1/9/1970,1/9/1970,1970,9,1
1970-08,8/1/1970,14.629,1/8/1970,1/8/1970,1970,8,1
1970-07,7/1/1970,14.593,1/7/1970,1/7/1970,1970,7,1
1970-06,6/1/1970,14.556,1/6/1970,1/6/1970,1970,6,1
1970-05,5/1/1970,14.483,1/5/1970,1/5/1970,1970,5,1
1970-04,4/1/1970,14.409,1/4/1970,1/4/1970,1970,4,1
1970-03,3/1/1970,14.336,1/3/1970,1/3/1970,1970,3,1
1970-02,2/1/1970,14.263,1/2/1970,1/2/1970,1970,2,1
1970-01,1/1/1970,14.226,1/1/1970,1/1/1970,1970,1,1
1969-12,12/1/1969,14.079,1/12/1969,1/12/1969,1969,12,1
1969-11,11/1/1969,14.043,1/11/1969,1/11/1969,1969,11,1
1969-10,10/1/1969,13.969,1/10/1969,1/10/1969,1969,10,1
1969-09,9/1/1969,13.896,1/9/1969,1/9/1969,1969,9,1
1969-08,8/1/1969,13.823,1/8/1969,1/8/1969,1969,8,1
1969-07,7/1/1969,13.786,1/7/1969,1/7/1969,1969,7,1
1969-06,6/1/1969,13.713,1/6/1969,1/6/1969,1969,6,1
1969-05,5/1/1969,13.676,1/5/1969,1/5/1969,1969,5,1
1969-04,4/1/1969,13.639,1/4/1969,1/4/1969,1969,4,1
1969-03,3/1/1969,13.566,1/3/1969,1/3/1969,1969,3,1
1969-02,2/1/1969,13.493,1/2/1969,1/2/1969,1969,2,1
1969-01,1/1/1969,13.456,1/1/1969,1/1/1969,1969,1,1
1968-12,12/1/1968,13.309,1/12/1968,1/12/1968,1968,12,1
1968-11,11/1/1968,13.273,1/11/1968,1/11/1968,1968,11,1
1968-10,10/1/1968,13.236,1/10/1968,1/10/1968,1968,10,1
1968-09,9/1/1968,13.089,1/9/1968,1/9/1968,1968,9,1
1968-08,8/1/1968,13.016,1/8/1968,1/8/1968,1968,8,1
1968-07,7/1/1968,12.943,1/7/1968,1/7/1968,1968,7,1
1968-06,6/1/1968,12.906,1/6/1968,1/6/1968,1968,6,1
1968-05,5/1/1968,12.869,1/5/1968,1/5/1968,1968,5,1
1968-04,4/1/1968,12.796,1/4/1968,1/4/1968,1968,4,1
1968-03,3/1/1968,12.796,1/3/1968,1/3/1968,1968,3,1
1968-02,2/1/1968,12.796,1/2/1968,1/2/1968,1968,2,1
1968-01,1/1/1968,12.759,1/1/1968,1/1/1968,1968,1,1
1967-12,12/1/1967,12.649,1/12/1967,1/12/1967,1967,12,1
1967-11,11/1/1967,12.613,1/11/1967,1/11/1967,1967,11,1
1967-10,10/1/1967,12.539,1/10/1967,1/10/1967,1967,10,1
1967-09,9/1/1967,12.466,1/9/1967,1/9/1967,1967,9,1
1967-08,8/1/1967,12.429,1/8/1967,1/8/1967,1967,8,1
1967-07,7/1/1967,12.393,1/7/1967,1/7/1967,1967,7,1
1967-06,6/1/1967,12.356,1/6/1967,1/6/1967,1967,6,1
1967-05,5/1/1967,12.356,1/5/1967,1/5/1967,1967,5,1
1967-04,4/1/1967,12.319,1/4/1967,1/4/1967,1967,4,1
1967-03,3/1/1967,12.319,1/3/1967,1/3/1967,1967,3,1
1967-02,2/1/1967,12.283,1/2/1967,1/2/1967,1967,2,1
1967-01,1/1/1967,12.283,1/1/1967,1/1/1967,1967,1,1
1966-12,12/1/1966,12.209,1/12/1966,1/12/1966,1966,12,1
1966-11,11/1/1966,12.209,1/11/1966,1/11/1966,1966,11,1
1966-10,10/1/1966,12.136,1/10/1966,1/10/1966,1966,10,1
1966-09,9/1/1966,12.136,1/9/1966,1/9/1966,1966,9,1
1966-08,8/1/1966,12.099,1/8/1966,1/8/1966,1966,8,1
1966-07,7/1/1966,12.099,1/7/1966,1/7/1966,1966,7,1
1966-06,6/1/1966,12.063,1/6/1966,1/6/1966,1966,6,1
1966-05,5/1/1966,12.063,1/5/1966,1/5/1966,1966,5,1
1966-04,4/1/1966,12.026,1/4/1966,1/4/1966,1966,4,1
1966-03,3/1/1966,11.989,1/3/1966,1/3/1966,1966,3,1
1966-02,2/1/1966,11.953,1/2/1966,1/2/1966,1966,2,1
1966-01,1/1/1966,11.953,1/1/1966,1/1/1966,1966,1,1
1965-12,12/1/1965,11.879,1/12/1965,1/12/1965,1965,12,1
1965-11,11/1/1965,11.843,1/11/1965,1/11/1965,1965,11,1
1965-10,10/1/1965,11.843,1/10/1965,1/10/1965,1965,10,1
1965-09,9/1/1965,11.806,1/9/1965,1/9/1965,1965,9,1
1965-08,8/1/1965,11.769,1/8/1965,1/8/1965,1965,8,1
1965-07,7/1/1965,11.806,1/7/1965,1/7/1965,1965,7,1
1965-06,6/1/1965,11.916,1/6/1965,1/6/1965,1965,6,1
1965-05,5/1/1965,11.733,1/5/1965,1/5/1965,1965,5,1
1965-04,4/1/1965,11.696,1/4/1965,1/4/1965,1965,4,1
1965-03,3/1/1965,11.659,1/3/1965,1/3/1965,1965,3,1
1965-02,2/1/1965,11.659,1/2/1965,1/2/1965,1965,2,1
1965-01,1/1/1965,11.623,1/1/1965,1/1/1965,1965,1,1
1964-12,12/1/1964,11.586,1/12/1964,1/12/1964,1964,12,1
1964-11,11/1/1964,11.586,1/11/1964,1/11/1964,1964,11,1
1964-10,10/1/1964,11.586,1/10/1964,1/10/1964,1964,10,1
1964-09,9/1/1964,11.549,1/9/1964,1/9/1964,1964,9,1
1964-08,8/1/1964,11.476,1/8/1964,1/8/1964,1964,8,1
1964-07,7/1/1964,11.476,1/7/1964,1/7/1964,1964,7,1
1964-06,6/1/1964,11.439,1/6/1964,1/6/1964,1964,6,1
1964-05,5/1/1964,11.403,1/5/1964,1/5/1964,1964,5,1
1964-04,4/1/1964,11.403,1/4/1964,1/4/1964,1964,4,1
1964-03,3/1/1964,11.366,1/3/1964,1/3/1964,1964,3,1
1964-02,2/1/1964,11.366,1/2/1964,1/2/1964,1964,2,1
1964-01,1/1/1964,11.366,1/1/1964,1/1/1964,1964,1,1
1963-12,12/1/1963,11.329,1/12/1963,1/12/1963,1963,12,1
1963-11,11/1/1963,11.293,1/11/1963,1/11/1963,1963,11,1
1963-10,10/1/1963,11.256,1/10/1963,1/10/1963,1963,10,1
1963-09,9/1/1963,11.256,1/9/1963,1/9/1963,1963,9,1
1963-08,8/1/1963,11.183,1/8/1963,1/8/1963,1963,8,1
1963-07,7/1/1963,11.146,1/7/1963,1/7/1963,1963,7,1
1963-06,6/1/1963,11.073,1/6/1963,1/6/1963,1963,6,1
1963-05,5/1/1963,11.036,1/5/1963,1/5/1963,1963,5,1
1963-04,4/1/1963,10.963,1/4/1963,1/4/1963,1963,4,1
1963-03,3/1/1963,10.963,1/3/1963,1/3/1963,1963,3,1
1963-02,2/1/1963,10.926,1/2/1963,1/2/1963,1963,2,1
1963-01,1/1/1963,10.853,1/1/1963,1/1/1963,1963,1,1
1962-12,12/1/1962,10.706,1/12/1962,1/12/1962,1962,12,1
1962-11,11/1/1962,10.67,1/11/1962,1/11/1962,1962,11,1
1962-10,10/1/1962,10.56,1/10/1962,1/10/1962,1962,10,1
1962-09,9/1/1962,10.523,1/9/1962,1/9/1962,1962,9,1
1962-08,8/1/1962,10.486,1/8/1962,1/8/1962,1962,8,1
1962-07,7/1/1962,10.523,1/7/1962,1/7/1962,1962,7,1
1962-06,6/1/1962,10.45,1/6/1962,1/6/1962,1962,6,1
1962-05,5/1/1962,10.413,1/5/1962,1/5/1962,1962,5,1
1962-04,4/1/1962,10.376,1/4/1962,1/4/1962,1962,4,1
1962-03,3/1/1962,10.376,1/3/1962,1/3/1962,1962,3,1
1962-02,2/1/1962,10.303,1/2/1962,1/2/1962,1962,2,1
1962-01,1/1/1962,10.303,1/1/1962,1/1/1962,1962,1,1
1961-12,12/1/1961,10.266,1/12/1961,1/12/1961,1961,12,1
1961-11,11/1/1961,10.23,1/11/1961,1/11/1961,1961,11,1
1961-10,10/1/1961,10.12,1/10/1961,1/10/1961,1961,10,1
1961-09,9/1/1961,10.01,1/9/1961,1/9/1961,1961,9,1
1961-08,8/1/1961,9.936,1/8/1961,1/8/1961,1961,8,1
1961-07,7/1/1961,9.9,1/7/1961,1/7/1961,1961,7,1
1961-06,6/1/1961,9.826,1/6/1961,1/6/1961,1961,6,1
1961-05,5/1/1961,9.826,1/5/1961,1/5/1961,1961,5,1
1961-04,4/1/1961,9.863,1/4/1961,1/4/1961,1961,4,1
1961-03,3/1/1961,9.863,1/3/1961,1/3/1961,1961,3,1
1961-02,2/1/1961,9.863,1/2/1961,1/2/1961,1961,2,1
1961-01,1/1/1961,9.863,1/1/1961,1/1/1961,1961,1,1
1960-12,12/1/1960,9.863,1/12/1960,1/12/1960,1960,12,1
1960-11,11/1/1960,9.826,1/11/1960,1/11/1960,1960,11,1
1960-10,10/1/1960,9.79,1/10/1960,1/10/1960,1960,10,1
1960-09,9/1/1960,9.79,1/9/1960,1/9/1960,1960,9,1
1960-08,8/1/1960,9.79,1/8/1960,1/8/1960,1960,8,1
1960-07,7/1/1960,9.68,1/7/1960,1/7/1960,1960,7,1
1960-06,6/1/1960,9.643,1/6/1960,1/6/1960,1960,6,1
1960-05,5/1/1960,9.643,1/5/1960,1/5/1960,1960,5,1
1960-04,4/1/1960,9.68,1/4/1960,1/4/1960,1960,4,1
1960-03,3/1/1960,9.643,1/3/1960,1/3/1960,1960,3,1
1960-02,2/1/1960,9.643,1/2/1960,1/2/1960,1960,2,1
1960-01,1/1/1960,9.643,1/1/1960,1/1/1960,1960,1,1
1959-12,12/1/1959,9.496,1/12/1959,1/12/1959,1959,12,1
1959-11,11/1/1959,9.496,1/11/1959,1/11/1959,1959,11,1
1959-10,10/1/1959,9.46,1/10/1959,1/10/1959,1959,10,1
1959-09,9/1/1959,9.386,1/9/1959,1/9/1959,1959,9,1
1959-08,8/1/1959,9.35,1/8/1959,1/8/1959,1959,8,1
1959-07,7/1/1959,9.276,1/7/1959,1/7/1959,1959,7,1
1959-06,6/1/1959,9.24,1/6/1959,1/6/1959,1959,6,1
1959-05,5/1/1959,9.24,1/5/1959,1/5/1959,1959,5,1
1959-04,4/1/1959,9.276,1/4/1959,1/4/1959,1959,4,1
1959-03,3/1/1959,9.276,1/3/1959,1/3/1959,1959,3,1
1959-02,2/1/1959,9.313,1/2/1959,1/2/1959,1959,2,1
1959-01,1/1/1959,9.203,1/1/1959,1/1/1959,1959,1,1
1958-12,12/1/1958,8.983,1/12/1958,1/12/1958,1958,12,1
1958-11,11/1/1958,8.946,1/11/1958,1/11/1958,1958,11,1
1958-10,10/1/1958,8.983,1/10/1958,1/10/1958,1958,10,1
1958-09,9/1/1958,8.946,1/9/1958,1/9/1958,1958,9,1
1958-08,8/1/1958,8.91,1/8/1958,1/8/1958,1958,8,1
1958-07,7/1/1958,8.873,1/7/1958,1/7/1958,1958,7,1
1958-06,6/1/1958,8.873,1/6/1958,1/6/1958,1958,6,1
1958-05,5/1/1958,8.8,1/5/1958,1/5/1958,1958,5,1
1958-04,4/1/1958,8.8,1/4/1958,1/4/1958,1958,4,1
1958-03,3/1/1958,8.726,1/3/1958,1/3/1958,1958,3,1
1958-02,2/1/1958,8.616,1/2/1958,1/2/1958,1958,2,1
1958-01,1/1/1958,8.506,1/1/1958,1/1/1958,1958,1,1
1957-12,12/1/1957,8.213,1/12/1957,1/12/1957,1957,12,1
1957-11,11/1/1957,8.066,1/11/1957,1/11/1957,1957,11,1
1957-10,10/1/1957,7.883,1/10/1957,1/10/1957,1957,10,1
1957-09,9/1/1957,7.773,1/9/1957,1/9/1957,1957,9,1
1957-08,8/1/1957,7.663,1/8/1957,1/8/1957,1957,8,1
1957-07,7/1/1957,7.59,1/7/1957,1/7/1957,1957,7,1
1957-06,6/1/1957,7.516,1/6/1957,1/6/1957,1957,6,1
1957-05,5/1/1957,7.48,1/5/1957,1/5/1957,1957,5,1
1957-04,4/1/1957,7.443,1/4/1957,1/4/1957,1957,4,1
1957-03,3/1/1957,7.443,1/3/1957,1/3/1957,1957,3,1
1957-02,2/1/1957,7.516,1/2/1957,1/2/1957,1957,2,1
1957-01,1/1/1957,7.516,1/1/1957,1/1/1957,1957,1,1
1956-12,12/1/1956,7.48,1/12/1956,1/12/1956,1956,12,1
1956-11,11/1/1956,7.48,1/11/1956,1/11/1956,1956,11,1
1956-10,10/1/1956,7.48,1/10/1956,1/10/1956,1956,10,1
1956-09,9/1/1956,7.48,1/9/1956,1/9/1956,1956,9,1
1956-08,8/1/1956,7.443,1/8/1956,1/8/1956,1956,8,1
1956-07,7/1/1956,7.406,1/7/1956,1/7/1956,1956,7,1
1956-06,6/1/1956,7.443,1/6/1956,1/6/1956,1956,6,1
1956-05,5/1/1956,7.516,1/5/1956,1/5/1956,1956,5,1
1956-04,4/1/1956,7.443,1/4/1956,1/4/1956,1956,4,1
1956-03,3/1/1956,7.48,1/3/1956,1/3/1956,1956,3,1
1956-02,2/1/1956,7.48,1/2/1956,1/2/1956,1956,2,1
1956-01,1/1/1956,7.406,1/1/1956,1/1/1956,1956,1,1
1955-12,12/1/1955,7.37,1/12/1955,1/12/1955,1955,12,1
1955-11,11/1/1955,7.37,1/11/1955,1/11/1955,1955,11,1
1955-10,10/1/1955,7.37,1/10/1955,1/10/1955,1955,10,1
1955-09,9/1/1955,7.296,1/9/1955,1/9/1955,1955,9,1
1955-08,8/1/1955,7.223,1/8/1955,1/8/1955,1955,8,1
1955-07,7/1/1955,7.223,1/7/1955,1/7/1955,1955,7,1
1955-06,6/1/1955,7.296,1/6/1955,1/6/1955,1955,6,1
1955-05,5/1/1955,7.37,1/5/1955,1/5/1955,1955,5,1
1955-04,4/1/1955,7.296,1/4/1955,1/4/1955,1955,4,1
1955-03,3/1/1955,7.296,1/3/1955,1/3/1955,1955,3,1
1955-02,2/1/1955,7.333,1/2/1955,1/2/1955,1955,2,1
1955-01,1/1/1955,7.333,1/1/1955,1/1/1955,1955,1,1
1954-12,12/1/1954,7.296,1/12/1954,1/12/1954,1954,12,1
1954-11,11/1/1954,7.296,1/11/1954,1/11/1954,1954,11,1
1954-10,10/1/1954,7.223,1/10/1954,1/10/1954,1954,10,1
1954-09,9/1/1954,7.186,1/9/1954,1/9/1954,1954,9,1
1954-08,8/1/1954,7.15,1/8/1954,1/8/1954,1954,8,1
1954-07,7/1/1954,7.15,1/7/1954,1/7/1954,1954,7,1
1954-06,6/1/1954,7.26,1/6/1954,1/6/1954,1954,6,1
1954-05,5/1/1954,7.296,1/5/1954,1/5/1954,1954,5,1
1954-04,4/1/1954,7.186,1/4/1954,1/4/1954,1954,4,1
1954-03,3/1/1954,7.26,1/3/1954,1/3/1954,1954,3,1
1954-02,2/1/1954,7.296,1/2/1954,1/2/1954,1954,2,1
1954-01,1/1/1954,7.223,1/1/1954,1/1/1954,1954,1,1
1953-12,12/1/1953,7.186,1/12/1953,1/12/1953,1953,12,1
1953-11,11/1/1953,7.15,1/11/1953,1/11/1953,1953,11,1
1953-10,10/1/1953,7.113,1/10/1953,1/10/1953,1953,10,1
1953-09,9/1/1953,7.113,1/9/1953,1/9/1953,1953,9,1
1953-08,8/1/1953,7.223,1/8/1953,1/8/1953,1953,8,1
1953-07,7/1/1953,7.26,1/7/1953,1/7/1953,1953,7,1
1953-06,6/1/1953,7.333,1/6/1953,1/6/1953,1953,6,1
1953-05,5/1/1953,7.333,1/5/1953,1/5/1953,1953,5,1
1953-04,4/1/1953,7.296,1/4/1953,1/4/1953,1953,4,1
1953-03,3/1/1953,7.333,1/3/1953,1/3/1953,1953,3,1
1953-02,2/1/1953,7.37,1/2/1953,1/2/1953,1953,2,1
1953-01,1/1/1953,7.37,1/1/1953,1/1/1953,1953,1,1
1952-12,12/1/1952,7.333,1/12/1952,1/12/1952,1952,12,1
1952-11,11/1/1952,7.296,1/11/1952,1/11/1952,1952,11,1
1952-10,10/1/1952,7.296,1/10/1952,1/10/1952,1952,10,1
1952-09,9/1/1952,7.37,1/9/1952,1/9/1952,1952,9,1
1952-08,8/1/1952,7.296,1/8/1952,1/8/1952,1952,8,1
1952-07,7/1/1952,7.223,1/7/1952,1/7/1952,1952,7,1
1952-06,6/1/1952,7.223,1/6/1952,1/6/1952,1952,6,1
1952-05,5/1/1952,7.296,1/5/1952,1/5/1952,1952,5,1
1952-04,4/1/1952,7.406,1/4/1952,1/4/1952,1952,4,1
1952-03,3/1/1952,7.48,1/3/1952,1/3/1952,1952,3,1
1952-02,2/1/1952,7.516,1/2/1952,1/2/1952,1952,2,1
1952-01,1/1/1952,7.26,1/1/1952,1/1/1952,1952,1,1
1951-12,12/1/1951,7.223,1/12/1951,1/12/1951,1951,12,1
1951-11,11/1/1951,7.076,1/11/1951,1/11/1951,1951,11,1
1951-10,10/1/1951,6.856,1/10/1951,1/10/1951,1951,10,1
1951-09,9/1/1951,6.71,1/9/1951,1/9/1951,1951,9,1
1951-08,8/1/1951,6.636,1/8/1951,1/8/1951,1951,8,1
1951-07,7/1/1951,6.563,1/7/1951,1/7/1951,1951,7,1
1951-06,6/1/1951,6.526,1/6/1951,1/6/1951,1951,6,1
1951-05,5/1/1951,6.526,1/5/1951,1/5/1951,1951,5,1
1951-04,4/1/1951,6.343,1/4/1951,1/4/1951,1951,4,1
1951-03,3/1/1951,6.233,1/3/1951,1/3/1951,1951,3,1
1951-02,2/1/1951,6.086,1/2/1951,1/2/1951,1951,2,1
1951-01,1/1/1951,6.013,1/1/1951,1/1/1951,1951,1,1
1950-12,12/1/1950,5.94,1/12/1950,1/12/1950,1950,12,1
1950-09,9/1/1950,5.72,1/9/1950,1/9/1950,1950,9,1
1950-06,6/1/1950,5.39,1/6/1950,1/6/1950,1950,6,1
1950-03,3/1/1950,5.426,1/3/1950,1/3/1950,1950,3,1
1949-12,12/1/1949,5.28,1/12/1949,1/12/1949,1949,12,1
1949-09,9/1/1949,5.06,1/9/1949,1/9/1949,1949,9,1
1949-06,6/1/1949,4.876,1/6/1949,1/6/1949,1949,6,1
1949-03,3/1/1949,4.986,1/3/1949,1/3/1949,1949,3,1
=======,,,,,,,
Periode,Date,IPC,Date2,JOIN,LEFT,RIGHT,DAY
2025-03,3/1/2025,120.42,1/3/2025,1/3/2025,2025,3,1
2025-02,2/1/2025,120.16,1/2/2025,1/2/2025,2025,2,1
2025-01,1/1/2025,120.14,1/1/2025,1/1/2025,2025,1,1
2024-12,12/1/2024,119.95,1/12/2024,1/12/2024,2024,12,1
2024-11,11/1/2024,119.72,1/11/2024,1/11/2024,2024,11,1
2024-10,10/1/2024,119.89,1/10/2024,1/10/2024,2024,10,1
2024-09,9/1/2024,119.56,1/9/2024,1/9/2024,2024,9,1
2024-08,8/1/2024,121.06,1/8/2024,1/8/2024,2024,8,1
2024-07,7/1/2024,120.42,1/7/2024,1/7/2024,2024,7,1
2024-06,6/1/2024,120.2,1/6/2024,1/6/2024,2024,6,1
2024-05,5/1/2024,120.11,1/5/2024,1/5/2024,2024,5,1
2024-04,4/1/2024,120.07,1/4/2024,1/4/2024,2024,4,1
2024-03,3/1/2024,119.47,1/3/2024,1/3/2024,2024,3,1
2024-02,2/1/2024,119.21,1/2/2024,1/2/2024,2024,2,1
2024-01,1/1/2024,118.19,1/1/2024,1/1/2024,2024,1,1
2023-12,12/1/2023,118.39,1/12/2023,1/12/2023,2023,12,1
2023-11,11/1/2023,118.23,1/11/2023,1/11/2023,2023,11,1
2023-10,10/1/2023,118.43,1/10/2023,1/10/2023,2023,10,1
2023-09,9/1/2023,118.26,1/9/2023,1/9/2023,2023,9,1
2023-08,8/1/2023,118.89,1/8/2023,1/8/2023,2023,8,1
2023-07,7/1/2023,117.71,1/7/2023,1/7/2023,2023,7,1
2023-06,6/1/2023,117.65,1/6/2023,1/6/2023,2023,6,1
2023-05,5/1/2023,117.44,1/5/2023,1/5/2023,2023,5,1
2023-04,4/1/2023,117.5,1/4/2023,1/4/2023,2023,4,1
2023-03,3/1/2023,116.79,1/3/2023,1/3/2023,2023,3,1
2023-02,2/1/2023,115.78,1/2/2023,1/2/2023,2023,2,1
2023-01,1/1/2023,114.6,1/1/2023,1/1/2023,2023,1,1
2022-12,12/1/2022,114.16,1/12/2022,1/12/2022,2022,12,1
2022-11,11/1/2022,114.26,1/11/2022,1/11/2022,2022,11,1
2022-10,10/1/2022,113.9,1/10/2022,1/10/2022,2022,10,1
2022-09,9/1/2022,112.74,1/9/2022,1/9/2022,2022,9,1
2022-08,8/1/2022,113.38,1/8/2022,1/8/2022,2022,8,1
2022-07,7/1/2022,112.87,1/7/2022,1/7/2022,2022,7,1
2022-06,6/1/2022,112.55,1/6/2022,1/6/2022,2022,6,1
2022-05,5/1/2022,111.72,1/5/2022,1/5/2022,2022,5,1
2022-04,4/1/2022,110.97,1/4/2022,1/4/2022,2022,4,1
2022-03,3/1/2022,110.49,1/3/2022,1/3/2022,2022,3,1
2022-02,2/1/2022,108.94,1/2/2022,1/2/2022,2022,2,1
2022-01,1/1/2022,108.12,1/1/2022,1/1/2022,2022,1,1
2021-12,12/1/2021,107.85,1/12/2021,1/12/2021,2021,12,1
2021-11,11/1/2021,107.64,1/11/2021,1/11/2021,2021,11,1
2021-10,10/1/2021,107.25,1/10/2021,1/10/2021,2021,10,1
2021-09,9/1/2021,106.81,1/9/2021,1/9/2021,2021,9,1
2021-08,8/1/2021,107.05,1/8/2021,1/8/2021,2021,8,1
2021-07,7/1/2021,106.4,1/7/2021,1/7/2021,2021,7,1
2021-06,6/1/2021,106.34,1/6/2021,1/6/2021,2021,6,1
2021-05,5/1/2021,106.2,1/5/2021,1/5/2021,2021,5,1
2021-04,4/1/2021,105.86,1/4/2021,1/4/2021,2021,4,1
2021-03,3/1/2021,105.75,1/3/2021,1/3/2021,2021,3,1
2021-02,2/1/2021,105.12,1/2/2021,1/2/2021,2021,2,1
2021-01,1/1/2021,105.12,1/1/2021,1/1/2021,2021,1,1
2020-12,12/1/2020,104.96,1/12/2020,1/12/2020,2020,12,1
2020-11,11/1/2020,104.73,1/11/2020,1/11/2020,2020,11,1
2020-10,10/1/2020,104.51,1/10/2020,1/10/2020,2020,10,1
2020-09,9/1/2020,104.55,1/9/2020,1/9/2020,2020,9,1
2020-08,8/1/2020,105.09,1/8/2020,1/8/2020,2020,8,1
2020-07,7/1/2020,105.19,1/7/2020,1/7/2020,2020,7,1
2020-06,6/1/2020,104.79,1/6/2020,1/6/2020,2020,6,1
2020-05,5/1/2020,104.71,1/5/2020,1/5/2020,2020,5,1
2020-04,4/1/2020,104.56,1/4/2020,1/4/2020,2020,4,1
2020-03,3/1/2020,104.59,1/3/2020,1/3/2020,2020,3,1
2020-02,2/1/2020,104.53,1/2/2020,1/2/2020,2020,2,1
2020-01,1/1/2020,104.54,1/1/2020,1/1/2020,2020,1,1
2019-12,12/1/2019,104.98,1/12/2019,1/12/2019,2019,12,1
2019-11,11/1/2019,104.52,1/11/2019,1/11/2019,2019,11,1
2019-10,10/1/2019,104.46,1/10/2019,1/10/2019,2019,10,1
2019-09,9/1/2019,104.5,1/9/2019,1/9/2019,2019,9,1
2019-08,8/1/2019,104.86,1/8/2019,1/8/2019,2019,8,1
2019-07,7/1/2019,104.38,1/7/2019,1/7/2019,2019,7,1
2019-06,6/1/2019,104.58,1/6/2019,1/6/2019,2019,6,1
2019-05,5/1/2019,104.33,1/5/2019,1/5/2019,2019,5,1
2019-04,4/1/2019,104.22,1/4/2019,1/4/2019,2019,4,1
2019-03,3/1/2019,103.89,1/3/2019,1/3/2019,2019,3,1
2019-02,2/1/2019,103.06,1/2/2019,1/2/2019,2019,2,1
2019-01,1/1/2019,103.01,1/1/2019,1/1/2019,2019,1,1
2018-12,12/1/2018,103.47,1/12/2018,1/12/2018,2018,12,1
2018-11,11/1/2018,103.45,1/11/2018,1/11/2018,2018,11,1
2018-10,10/1/2018,103.67,1/10/2018,1/10/2018,2018,10,1
2018-09,9/1/2018,103.56,1/9/2018,1/9/2018,2018,9,1
2018-08,8/1/2018,103.78,1/8/2018,1/8/2018,2018,8,1
2018-07,7/1/2018,103.28,1/7/2018,1/7/2018,2018,7,1
2018-06,6/1/2018,103.37,1/6/2018,1/6/2018,2018,6,1
2018-05,5/1/2018,103.36,1/5/2018,1/5/2018,2018,5,1
2018-04,4/1/2018,102.92,1/4/2018,1/4/2018,2018,4,1
2018-03,3/1/2018,102.75,1/3/2018,1/3/2018,2018,3,1
2018-02,2/1/2018,101.72,1/2/2018,1/2/2018,2018,2,1
2018-01,1/1/2018,101.75,1/1/2018,1/1/2018,2018,1,1
2017-12,12/1/2017,101.85,1/12/2017,1/12/2017,2017,12,1
2017-11,11/1/2017,101.53,1/11/2017,1/11/2017,2017,11,1
2017-10,10/1/2017,101.43,1/10/2017,1/10/2017,2017,10,1
2017-09,9/1/2017,101.33,1/9/2017,1/9/2017,2017,9,1
2017-08,8/1/2017,101.49,1/8/2017,1/8/2017,2017,8,1
2017-07,7/1/2017,100.97,1/7/2017,1/7/2017,2017,7,1
2017-06,6/1/2017,101.32,1/6/2017,1/6/2017,2017,6,1
2017-05,5/1/2017,101.31,1/5/2017,1/5/2017,2017,5,1
2017-04,4/1/2017,101.26,1/4/2017,1/4/2017,2017,4,1
2017-03,3/1/2017,101.17,1/3/2017,1/3/2017,2017,3,1
2017-02,2/1/2017,100.53,1/2/2017,1/2/2017,2017,2,1
2017-01,1/1/2017,100.41,1/1/2017,1/1/2017,2017,1,1
2016-12,12/1/2016,100.65,1/12/2016,1/12/2016,2016,12,1
2016-11,11/1/2016,100.35,1/11/2016,1/11/2016,2016,11,1
2016-10,10/1/2016,100.37,1/10/2016,1/10/2016,2016,10,1
2016-09,9/1/2016,100.34,1/9/2016,1/9/2016,2016,9,1
2016-08,8/1/2016,100.58,1/8/2016,1/8/2016,2016,8,1
2016-07,7/1/2016,100.25,1/7/2016,1/7/2016,2016,7,1
2016-06,6/1/2016,100.63,1/6/2016,1/6/2016,2016,6,1
2016-05,5/1/2016,100.5,1/5/2016,1/5/2016,2016,5,1
2016-04,4/1/2016,100.09,1/4/2016,1/4/2016,2016,4,1
2016-03,3/1/2016,100.02,1/3/2016,1/3/2016,2016,3,1
2016-02,2/1/2016,99.33,1/2/2016,1/2/2016,2016,2,1
2016-01,1/1/2016,99.08,1/1/2016,1/1/2016,2016,1,1
2015-12,12/1/2015,100.04,1/12/2015,1/12/2015,2015,12,1
2015-11,11/1/2015,99.82,1/11/2015,1/11/2015,2015,11,1
2015-10,10/1/2015,100.01,1/10/2015,1/10/2015,2015,10,1
2015-09,9/1/2015,99.95,1/9/2015,1/9/2015,2015,9,1
2015-08,8/1/2015,100.35,1/8/2015,1/8/2015,2015,8,1
2015-07,7/1/2015,100.03,1/7/2015,1/7/2015,2015,7,1
2015-06,6/1/2015,100.44,1/6/2015,1/6/2015,2015,6,1
2015-05,5/1/2015,100.52,1/5/2015,1/5/2015,2015,5,1
2015-04,4/1/2015,100.28,1/4/2015,1/4/2015,2015,4,1
2015-03,3/1/2015,100.17,1/3/2015,1/3/2015,2015,3,1
2015-02,2/1/2015,99.52,1/2/2015,1/2/2015,2015,2,1
2015-01,1/1/2015,98.86,1/1/2015,1/1/2015,2015,1,1
2014-12,12/1/2014,99.86,1/12/2014,1/12/2014,2014,12,1
2014-11,11/1/2014,99.78,1/11/2014,1/11/2014,2014,11,1
2014-10,10/1/2014,99.95,1/10/2014,1/10/2014,2014,10,1
2014-09,9/1/2014,99.92,1/9/2014,1/9/2014,2014,9,1
2014-08,8/1/2014,100.3,1/8/2014,1/8/2014,2014,8,1
2014-07,7/1/2014,99.86,1/7/2014,1/7/2014,2014,7,1
2014-06,6/1/2014,100.18,1/6/2014,1/6/2014,2014,6,1
2014-05,5/1/2014,100.22,1/5/2014,1/5/2014,2014,5,1
2014-04,4/1/2014,100.2,1/4/2014,1/4/2014,2014,4,1
2014-03,3/1/2014,100.24,1/3/2014,1/3/2014,2014,3,1
2014-02,2/1/2014,99.79,1/2/2014,1/2/2014,2014,2,1
2014-01,1/1/2014,99.24,1/1/2014,1/1/2014,2014,1,1
2013-12,12/1/2013,99.8,1/12/2013,1/12/2013,2013,12,1
2013-11,11/1/2013,99.46,1/11/2013,1/11/2013,2013,11,1
2013-10,10/1/2013,99.5,1/10/2013,1/10/2013,2013,10,1
2013-09,9/1/2013,99.63,1/9/2013,1/9/2013,2013,9,1
2013-08,8/1/2013,99.86,1/8/2013,1/8/2013,2013,8,1
2013-07,7/1/2013,99.4,1/7/2013,1/7/2013,2013,7,1
2013-06,6/1/2013,99.7,1/6/2013,1/6/2013,2013,6,1
2013-05,5/1/2013,99.54,1/5/2013,1/5/2013,2013,5,1
2013-04,4/1/2013,99.48,1/4/2013,1/4/2013,2013,4,1
2013-03,3/1/2013,99.63,1/3/2013,1/3/2013,2013,3,1
2013-02,2/1/2013,98.88,1/2/2013,1/2/2013,2013,2,1
2013-01,1/1/2013,98.6,1/1/2013,1/1/2013,2013,1,1
2012-12,12/1/2012,99.1,1/12/2012,1/12/2012,2012,12,1
2012-11,11/1/2012,98.79,1/11/2012,1/11/2012,2012,11,1
2012-10,10/1/2012,98.94,1/10/2012,1/10/2012,2012,10,1
2012-09,9/1/2012,98.76,1/9/2012,1/9/2012,2012,9,1
2012-08,8/1/2012,99,1/8/2012,1/8/2012,2012,8,1
2012-07,7/1/2012,98.35,1/7/2012,1/7/2012,2012,7,1
2012-06,6/1/2012,98.78,1/6/2012,1/6/2012,2012,6,1
2012-05,5/1/2012,98.75,1/5/2012,1/5/2012,2012,5,1
2012-04,4/1/2012,98.8,1/4/2012,1/4/2012,2012,4,1
2012-03,3/1/2012,98.67,1/3/2012,1/3/2012,2012,3,1
2012-02,2/1/2012,97.86,1/2/2012,1/2/2012,2012,2,1
2012-01,1/1/2012,97.46,1/1/2012,1/1/2012,2012,1,1
2011-12,12/1/2011,97.8,1/12/2011,1/12/2011,2011,12,1
2011-11,11/1/2011,97.41,1/11/2011,1/11/2011,2011,11,1
2011-10,10/1/2011,97.14,1/10/2011,1/10/2011,2011,10,1
2011-09,9/1/2011,96.91,1/9/2011,1/9/2011,2011,9,1
2011-08,8/1/2011,96.98,1/8/2011,1/8/2011,2011,8,1
2011-07,7/1/2011,96.48,1/7/2011,1/7/2011,2011,7,1
2011-06,6/1/2011,96.91,1/6/2011,1/6/2011,2011,6,1
2011-05,5/1/2011,96.83,1/5/2011,1/5/2011,2011,5,1
2011-04,4/1/2011,96.78,1/4/2011,1/4/2011,2011,4,1
2011-03,3/1/2011,96.45,1/3/2011,1/3/2011,2011,3,1
2011-02,2/1/2011,95.67,1/2/2011,1/2/2011,2011,2,1
2011-01,1/1/2011,95.22,1/1/2011,1/1/2011,2011,1,1
2010-12,12/1/2010,95.45,1/12/2010,1/12/2010,2010,12,1
2010-11,11/1/2010,95.02,1/11/2010,1/11/2010,2010,11,1
2010-10,10/1/2010,94.91,1/10/2010,1/10/2010,2010,10,1
2010-09,9/1/2010,94.79,1/9/2010,1/9/2010,2010,9,1
2010-08,8/1/2010,94.86,1/8/2010,1/8/2010,2010,8,1
2010-07,7/1/2010,94.64,1/7/2010,1/7/2010,2010,7,1
2010-06,6/1/2010,94.91,1/6/2010,1/6/2010,2010,6,1
2010-05,5/1/2010,94.92,1/5/2010,1/5/2010,2010,5,1
2010-04,4/1/2010,94.81,1/4/2010,1/4/2010,2010,4,1
2010-03,3/1/2010,94.57,1/3/2010,1/3/2010,2010,3,1
2010-02,2/1/2010,94.11,1/2/2010,1/2/2010,2010,2,1
2010-01,1/1/2010,93.59,1/1/2010,1/1/2010,2010,1,1
2009-12,12/1/2009,93.8,1/12/2009,1/12/2009,2009,12,1
2009-11,11/1/2009,93.55,1/11/2009,1/11/2009,2009,11,1
2009-10,10/1/2009,93.42,1/10/2009,1/10/2009,2009,10,1
2009-09,9/1/2009,93.33,1/9/2009,1/9/2009,2009,9,1
2009-08,8/1/2009,93.56,1/8/2009,1/8/2009,2009,8,1
2009-07,7/1/2009,93.08,1/7/2009,1/7/2009,2009,7,1
2009-06,6/1/2009,93.5,1/6/2009,1/6/2009,2009,6,1
2009-05,5/1/2009,93.38,1/5/2009,1/5/2009,2009,5,1
2009-04,4/1/2009,93.24,1/4/2009,1/4/2009,2009,4,1
2009-03,3/1/2009,93.09,1/3/2009,1/3/2009,2009,3,1
2009-02,2/1/2009,92.92,1/2/2009,1/2/2009,2009,2,1
2009-01,1/1/2009,92.57,1/1/2009,1/1/2009,2009,1,1
2008-12,12/1/2008,92.95,1/12/2008,1/12/2008,2008,12,1
2008-11,11/1/2008,93.18,1/11/2008,1/11/2008,2008,11,1
2008-10,10/1/2008,93.62,1/10/2008,1/10/2008,2008,10,1
2008-09,9/1/2008,93.67,1/9/2008,1/9/2008,2008,9,1
2008-08,8/1/2008,93.73,1/8/2008,1/8/2008,2008,8,1
2008-07,7/1/2008,93.76,1/7/2008,1/7/2008,2008,7,1
2008-06,6/1/2008,93.96,1/6/2008,1/6/2008,2008,6,1
2008-05,5/1/2008,93.62,1/5/2008,1/5/2008,2008,5,1
2008-04,4/1/2008,93.12,1/4/2008,1/4/2008,2008,4,1
2008-03,3/1/2008,92.81,1/3/2008,1/3/2008,2008,3,1
2008-02,2/1/2008,92.12,1/2/2008,1/2/2008,2008,2,1
2008-01,1/1/2008,91.92,1/1/2008,1/1/2008,2008,1,1
2007-12,12/1/2007,92.03,1/12/2007,1/12/2007,2007,12,1
2007-11,11/1/2007,91.69,1/11/2007,1/11/2007,2007,11,1
2007-10,10/1/2007,91.19,1/10/2007,1/10/2007,2007,10,1
2007-09,9/1/2007,90.96,1/9/2007,1/9/2007,2007,9,1
2007-08,8/1/2007,90.86,1/8/2007,1/8/2007,2007,8,1
2007-07,7/1/2007,90.49,1/7/2007,1/7/2007,2007,7,1
2007-06,6/1/2007,90.72,1/6/2007,1/6/2007,2007,6,1
2007-05,5/1/2007,90.61,1/5/2007,1/5/2007,2007,5,1
2007-04,4/1/2007,90.39,1/4/2007,1/4/2007,2007,4,1
2007-03,3/1/2007,89.95,1/3/2007,1/3/2007,2007,3,1
2007-02,2/1/2007,89.57,1/2/2007,1/2/2007,2007,2,1
2007-01,1/1/2007,89.4,1/1/2007,1/1/2007,2007,1,1
2006-12,12/1/2006,89.71,1/12/2006,1/12/2006,2006,12,1
2006-11,11/1/2006,89.5,1/11/2006,1/11/2006,2006,11,1
2006-10,10/1/2006,89.4,1/10/2006,1/10/2006,2006,10,1
2006-09,9/1/2006,89.6,1/9/2006,1/9/2006,2006,9,1
2006-08,8/1/2006,89.8,1/8/2006,1/8/2006,2006,8,1
2006-07,7/1/2006,89.5,1/7/2006,1/7/2006,2006,7,1
2006-06,6/1/2006,89.65,1/6/2006,1/6/2006,2006,6,1
2006-05,5/1/2006,89.65,1/5/2006,1/5/2006,2006,5,1
2006-04,4/1/2006,89.27,1/4/2006,1/4/2006,2006,4,1
2006-03,3/1/2006,88.89,1/3/2006,1/3/2006,2006,3,1
2006-02,2/1/2006,88.64,1/2/2006,1/2/2006,2006,2,1
2006-01,1/1/2006,88.3,1/1/2006,1/1/2006,2006,1,1
2005-12,12/1/2005,88.39,1/12/2005,1/12/2005,2005,12,1
2005-11,11/1/2005,88.28,1/11/2005,1/11/2005,2005,11,1
2005-10,10/1/2005,88.46,1/10/2005,1/10/2005,2005,10,1
2005-09,9/1/2005,88.48,1/9/2005,1/9/2005,2005,9,1
2005-08,8/1/2005,88.14,1/8/2005,1/8/2005,2005,8,1
2005-07,7/1/2005,87.8,1/7/2005,1/7/2005,2005,7,1
2005-06,6/1/2005,87.93,1/6/2005,1/6/2005,2005,6,1
2005-05,5/1/2005,87.83,1/5/2005,1/5/2005,2005,5,1
2005-04,4/1/2005,87.77,1/4/2005,1/4/2005,2005,4,1
2005-03,3/1/2005,87.6,1/3/2005,1/3/2005,2005,3,1
2005-02,2/1/2005,87.05,1/2/2005,1/2/2005,2005,2,1
2005-01,1/1/2005,86.52,1/1/2005,1/1/2005,2005,1,1
2004-12,12/1/2004,87,1/12/2004,1/12/2004,2004,12,1
2004-11,11/1/2004,86.9,1/11/2004,1/11/2004,2004,11,1
2004-10,10/1/2004,86.85,1/10/2004,1/10/2004,2004,10,1
2004-09,9/1/2004,86.63,1/9/2004,1/9/2004,2004,9,1
2004-08,8/1/2004,86.55,1/8/2004,1/8/2004,2004,8,1
2004-07,7/1/2004,86.36,1/7/2004,1/7/2004,2004,7,1
2004-06,6/1/2004,86.5,1/6/2004,1/6/2004,2004,6,1
2004-05,5/1/2004,86.47,1/5/2004,1/5/2004,2004,5,1
2004-04,4/1/2004,86.15,1/4/2004,1/4/2004,2004,4,1
2004-03,3/1/2004,85.93,1/3/2004,1/3/2004,2004,3,1
2004-02,2/1/2004,85.59,1/2/2004,1/2/2004,2004,2,1
2004-01,1/1/2004,85.23,1/1/2004,1/1/2004,2004,1,1
2003-12,12/1/2003,85.23,1/12/2003,1/12/2003,2003,12,1
2003-11,11/1/2003,85.14,1/11/2003,1/11/2003,2003,11,1
2003-10,10/1/2003,85.04,1/10/2003,1/10/2003,2003,10,1
2003-09,9/1/2003,84.86,1/9/2003,1/9/2003,2003,9,1
2003-08,8/1/2003,84.54,1/8/2003,1/8/2003,2003,8,1
2003-07,7/1/2003,84.34,1/7/2003,1/7/2003,2003,7,1
2003-06,6/1/2003,84.43,1/6/2003,1/6/2003,2003,6,1
2003-05,5/1/2003,84.27,1/5/2003,1/5/2003,2003,5,1
2003-04,4/1/2003,84.37,1/4/2003,1/4/2003,2003,4,1
2003-03,3/1/2003,84.49,1/3/2003,1/3/2003,2003,3,1
2003-02,2/1/2003,84.15,1/2/2003,1/2/2003,2003,2,1
2003-01,1/1/2003,83.57,1/1/2003,1/1/2003,2003,1,1
2002-12,12/1/2002,83.41,1/12/2002,1/12/2002,2002,12,1
2002-11,11/1/2002,83.27,1/11/2002,1/11/2002,2002,11,1
2002-10,10/1/2002,83.27,1/10/2002,1/10/2002,2002,10,1
2002-09,9/1/2002,83.14,1/9/2002,1/9/2002,2002,9,1
2002-08,8/1/2002,82.99,1/8/2002,1/8/2002,2002,8,1
2002-07,7/1/2002,82.8,1/7/2002,1/7/2002,2002,7,1
2002-06,6/1/2002,82.8,1/6/2002,1/6/2002,2002,6,1
2002-05,5/1/2002,82.81,1/5/2002,1/5/2002,2002,5,1
2002-04,4/1/2002,82.71,1/4/2002,1/4/2002,2002,4,1
2002-03,3/1/2002,82.4,1/3/2002,1/3/2002,2002,3,1
2002-02,2/1/2002,82.04,1/2/2002,1/2/2002,2002,2,1
2002-01,1/1/2002,81.94,1/1/2002,1/1/2002,2002,1,1
2001-12,12/1/2001,81.56,1/12/2001,1/12/2001,2001,12,1
2001-11,11/1/2001,81.46,1/11/2001,1/11/2001,2001,11,1
2001-10,10/1/2001,81.68,1/10/2001,1/10/2001,2001,10,1
2001-09,9/1/2001,81.63,1/9/2001,1/9/2001,2001,9,1
2001-08,8/1/2001,81.48,1/8/2001,1/8/2001,2001,8,1
2001-07,7/1/2001,81.48,1/7/2001,1/7/2001,2001,7,1
2001-06,6/1/2001,81.65,1/6/2001,1/6/2001,2001,6,1
2001-05,5/1/2001,81.6,1/5/2001,1/5/2001,2001,5,1
2001-04,4/1/2001,81.1,1/4/2001,1/4/2001,2001,4,1
2001-03,3/1/2001,80.71,1/3/2001,1/3/2001,2001,3,1
2001-02,2/1/2001,80.35,1/2/2001,1/2/2001,2001,2,1
2001-01,1/1/2001,80.13,1/1/2001,1/1/2001,2001,1,1
2000-12,12/1/2000,80.47,1/12/2000,1/12/2000,2000,12,1
2000-11,11/1/2000,80.51,1/11/2000,1/11/2000,2000,11,1
2000-10,10/1/2000,80.33,1/10/2000,1/10/2000,2000,10,1
2000-09,9/1/2000,80.43,1/9/2000,1/9/2000,2000,9,1
2000-08,8/1/2000,80.02,1/8/2000,1/8/2000,2000,8,1
2000-07,7/1/2000,79.87,1/7/2000,1/7/2000,2000,7,1
2000-06,6/1/2000,80,1/6/2000,1/6/2000,2000,6,1
2000-05,5/1/2000,79.8,1/5/2000,1/5/2000,2000,5,1
2000-04,4/1/2000,79.64,1/4/2000,1/4/2000,2000,4,1
2000-03,3/1/2000,79.64,1/3/2000,1/3/2000,2000,3,1
2000-02,2/1/2000,79.27,1/2/2000,1/2/2000,2000,2,1
2000-01,1/1/2000,79.17,1/1/2000,1/1/2000,2000,1,1
1999-12,12/1/1999,79.17,1/12/1999,1/12/1999,1999,12,1
1999-11,11/1/1999,78.82,1/11/1999,1/11/1999,1999,11,1
1999-10,10/1/1999,78.79,1/10/1999,1/10/1999,1999,10,1
1999-09,9/1/1999,78.74,1/9/1999,1/9/1999,1999,9,1
1999-08,8/1/1999,78.61,1/8/1999,1/8/1999,1999,8,1
1999-07,7/1/1999,78.48,1/7/1999,1/7/1999,1999,7,1
1999-06,6/1/1999,78.69,1/6/1999,1/6/1999,1999,6,1
1999-05,5/1/1999,78.7,1/5/1999,1/5/1999,1999,5,1
1999-04,4/1/1999,78.69,1/4/1999,1/4/1999,1999,4,1
1999-03,3/1/1999,78.47,1/3/1999,1/3/1999,1999,3,1
1999-02,2/1/1999,78.21,1/2/1999,1/2/1999,1999,2,1
1999-01,1/1/1999,77.97,1/1/1999,1/1/1999,1999,1,1
1998-12,12/1/1998,78.19,1/12/1998,1/12/1998,1998,12,1
1998-11,11/1/1998,78.11,1/11/1998,1/11/1998,1998,11,1
1998-10,10/1/1998,78.16,1/10/1998,1/10/1998,1998,10,1
1998-09,9/1/1998,78.2,1/9/1998,1/9/1998,1998,9,1
1998-08,8/1/1998,78.23,1/8/1998,1/8/1998,1998,8,1
1998-07,7/1/1998,78.18,1/7/1998,1/7/1998,1998,7,1
1998-06,6/1/1998,78.44,1/6/1998,1/6/1998,1998,6,1
1998-05,5/1/1998,78.38,1/5/1998,1/5/1998,1998,5,1
1998-04,4/1/1998,78.36,1/4/1998,1/4/1998,1998,4,1
1998-03,3/1/1998,78.2,1/3/1998,1/3/1998,1998,3,1
1998-02,2/1/1998,78.07,1/2/1998,1/2/1998,1998,2,1
1998-01,1/1/1998,77.78,1/1/1998,1/1/1998,1998,1,1
1997-12,12/1/1997,78.02,1/12/1997,1/12/1997,1997,12,1
1997-11,11/1/1997,77.98,1/11/1997,1/11/1997,1997,11,1
1997-10,10/1/1997,77.85,1/10/1997,1/10/1997,1997,10,1
1997-09,9/1/1997,77.89,1/9/1997,1/9/1997,1997,9,1
1997-08,8/1/1997,77.75,1/8/1997,1/8/1997,1997,8,1
1997-07,7/1/1997,77.55,1/7/1997,1/7/1997,1997,7,1
1997-06,6/1/1997,77.65,1/6/1997,1/6/1997,1997,6,1
1997-05,5/1/1997,77.67,1/5/1997,1/5/1997,1997,5,1
1997-04,4/1/1997,77.56,1/4/1997,1/4/1997,1997,4,1
1997-03,3/1/1997,77.53,1/3/1997,1/3/1997,1997,3,1
1997-02,2/1/1997,77.47,1/2/1997,1/2/1997,1997,2,1
1997-01,1/1/1997,77.31,1/1/1997,1/1/1997,1997,1,1
1996-12,12/1/1996,77.14,1/12/1996,1/12/1996,1996,12,1
1996-11,11/1/1996,76.98,1/11/1996,1/11/1996,1996,11,1
1996-10,10/1/1996,77.05,1/10/1996,1/10/1996,1996,10,1
1996-09,9/1/1996,76.85,1/9/1996,1/9/1996,1996,9,1
1996-08,8/1/1996,76.62,1/8/1996,1/8/1996,1996,8,1
1996-07,7/1/1996,76.77,1/7/1996,1/7/1996,1996,7,1
1996-06,6/1/1996,76.91,1/6/1996,1/6/1996,1996,6,1
1996-05,5/1/1996,77,1/5/1996,1/5/1996,1996,5,1
1996-04,4/1/1996,76.84,1/4/1996,1/4/1996,1996,4,1
1996-03,3/1/1996,76.75,1/3/1996,1/3/1996,1996,3,1
1996-02,2/1/1996,76.26,1/2/1996,1/2/1996,1996,2,1
1996-01,1/1/1996,75.97,1/1/1996,1/1/1996,1996,1,1
1995-12,12/1/1995,75.88,1/12/1995,1/12/1995,1995,12,1
1995-11,11/1/1995,75.81,1/11/1995,1/11/1995,1995,11,1
1995-10,10/1/1995,75.75,1/10/1995,1/10/1995,1995,10,1
1995-09,9/1/1995,75.67,1/9/1995,1/9/1995,1995,9,1
1995-08,8/1/1995,75.4,1/8/1995,1/8/1995,1995,8,1
1995-07,7/1/1995,75.04,1/7/1995,1/7/1995,1995,7,1
1995-06,6/1/1995,75.18,1/6/1995,1/6/1995,1995,6,1
1995-05,5/1/1995,75.18,1/5/1995,1/5/1995,1995,5,1
1995-04,4/1/1995,75.07,1/4/1995,1/4/1995,1995,4,1
1995-03,3/1/1995,74.98,1/3/1995,1/3/1995,1995,3,1
1995-02,2/1/1995,74.75,1/2/1995,1/2/1995,1995,2,1
1995-01,1/1/1995,74.52,1/1/1995,1/1/1995,1995,1,1
1994-12,12/1/1994,74.33,1/12/1994,1/12/1994,1994,12,1
1994-11,11/1/1994,74.35,1/11/1994,1/11/1994,1994,11,1
1994-10,10/1/1994,74.34,1/10/1994,1/10/1994,1994,10,1
1994-09,9/1/1994,74.18,1/9/1994,1/9/1994,1994,9,1
1994-08,8/1/1994,73.95,1/8/1994,1/8/1994,1994,8,1
1994-07,7/1/1994,73.96,1/7/1994,1/7/1994,1994,7,1
1994-06,6/1/1994,73.97,1/6/1994,1/6/1994,1994,6,1
1994-05,5/1/1994,74,1/5/1994,1/5/1994,1994,5,1
1994-04,4/1/1994,73.84,1/4/1994,1/4/1994,1994,4,1
1994-03,3/1/1994,73.64,1/3/1994,1/3/1994,1994,3,1
1994-02,2/1/1994,73.47,1/2/1994,1/2/1994,1994,2,1
1994-01,1/1/1994,73.26,1/1/1994,1/1/1994,1994,1,1
1993-12,12/1/1993,73.17,1/12/1993,1/12/1993,1993,12,1
1993-11,11/1/1993,73.2,1/11/1993,1/11/1993,1993,11,1
1993-10,10/1/1993,73.13,1/10/1993,1/10/1993,1993,10,1
1993-09,9/1/1993,73,1/9/1993,1/9/1993,1993,9,1
1993-08,8/1/1993,72.77,1/8/1993,1/8/1993,1993,8,1
1993-07,7/1/1993,72.77,1/7/1993,1/7/1993,1993,7,1
1993-06,6/1/1993,72.71,1/6/1993,1/6/1993,1993,6,1
1993-05,5/1/1993,72.75,1/5/1993,1/5/1993,1993,5,1
1993-04,4/1/1993,72.65,1/4/1993,1/4/1993,1993,4,1
1993-03,3/1/1993,72.56,1/3/1993,1/3/1993,1993,3,1
1993-02,2/1/1993,72.19,1/2/1993,1/2/1993,1993,2,1
1993-01,1/1/1993,71.94,1/1/1993,1/1/1993,1993,1,1
1992-12,12/1/1992,71.66,1/12/1992,1/12/1992,1992,12,1
1992-11,11/1/1992,71.7,1/11/1992,1/11/1992,1992,11,1
1992-10,10/1/1992,71.63,1/10/1992,1/10/1992,1992,10,1
1992-09,9/1/1992,71.43,1/9/1992,1/9/1992,1992,9,1
1992-08,8/1/1992,71.23,1/8/1992,1/8/1992,1992,8,1
1992-07,7/1/1992,71.27,1/7/1992,1/7/1992,1992,7,1
1992-06,6/1/1992,71.31,1/6/1992,1/6/1992,1992,6,1
1992-05,5/1/1992,71.35,1/5/1992,1/5/1992,1992,5,1
1992-04,4/1/1992,71.12,1/4/1992,1/4/1992,1992,4,1
1992-03,3/1/1992,70.97,1/3/1992,1/3/1992,1992,3,1
1992-02,2/1/1992,70.74,1/2/1992,1/2/1992,1992,2,1
1992-01,1/1/1992,70.44,1/1/1992,1/1/1992,1992,1,1
1991-12,12/1/1991,70.32,1/12/1991,1/12/1991,1991,12,1
1991-11,11/1/1991,70.55,1/11/1991,1/11/1991,1991,11,1
1991-10,10/1/1991,70.28,1/10/1991,1/10/1991,1991,10,1
1991-09,9/1/1991,69.92,1/9/1991,1/9/1991,1991,9,1
1991-08,8/1/1991,69.81,1/8/1991,1/8/1991,1991,8,1
1991-07,7/1/1991,69.73,1/7/1991,1/7/1991,1991,7,1
1991-06,6/1/1991,69.55,1/6/1991,1/6/1991,1991,6,1
1991-05,5/1/1991,69.38,1/5/1991,1/5/1991,1991,5,1
1991-04,4/1/1991,69.16,1/4/1991,1/4/1991,1991,4,1
1991-03,3/1/1991,68.95,1/3/1991,1/3/1991,1991,3,1
1991-02,2/1/1991,68.82,1/2/1991,1/2/1991,1991,2,1
1991-01,1/1/1991,68.64,1/1/1991,1/1/1991,1991,1,1
1990-12,12/1/1990,68.26,1/12/1990,1/12/1990,1990,12,1
1990-11,11/1/1990,68.31,1/11/1990,1/11/1990,1990,11,1
1990-10,10/1/1990,68.42,1/10/1990,1/10/1990,1990,10,1
1990-09,9/1/1990,68.12,1/9/1990,1/9/1990,1990,9,1
1990-08,8/1/1990,67.64,1/8/1990,1/8/1990,1990,8,1
1990-07,7/1/1990,67.2,1/7/1990,1/7/1990,1990,7,1
1990-06,6/1/1990,67.18,1/6/1990,1/6/1990,1990,6,1
1990-05,5/1/1990,67.19,1/5/1990,1/5/1990,1990,5,1
1990-04,4/1/1990,67.09,1/4/1990,1/4/1990,1990,4,1
1990-03,3/1/1990,66.72,1/3/1990,1/3/1990,1990,3,1
1990-02,2/1/1990,66.56,1/2/1990,1/2/1990,1990,2,1
1990-01,1/1/1990,66.42,1/1/1990,1/1/1990,1990,1,1
1989-12,12/1/1989,66.07,1/12/1989,1/12/1989,1989,12,1
1989-11,11/1/1989,65.997,1/11/1989,1/11/1989,1989,11,1
1989-10,10/1/1989,65.887,1/10/1989,1/10/1989,1989,10,1
1989-09,9/1/1989,65.594,1/9/1989,1/9/1989,1989,9,1
1989-08,8/1/1989,65.447,1/8/1989,1/8/1989,1989,8,1
1989-07,7/1/1989,65.337,1/7/1989,1/7/1989,1989,7,1
1989-06,6/1/1989,65.154,1/6/1989,1/6/1989,1989,6,1
1989-05,5/1/1989,65.08,1/5/1989,1/5/1989,1989,5,1
1989-04,4/1/1989,64.824,1/4/1989,1/4/1989,1989,4,1
1989-03,3/1/1989,64.42,1/3/1989,1/3/1989,1989,3,1
1989-02,2/1/1989,64.237,1/2/1989,1/2/1989,1989,2,1
1989-01,1/1/1989,64.054,1/1/1989,1/1/1989,1989,1,1
1988-12,12/1/1988,63.797,1/12/1988,1/12/1988,1988,12,1
1988-11,11/1/1988,63.687,1/11/1988,1/11/1988,1988,11,1
1988-10,10/1/1988,63.614,1/10/1988,1/10/1988,1988,10,1
1988-09,9/1/1988,63.467,1/9/1988,1/9/1988,1988,9,1
1988-08,8/1/1988,63.32,1/8/1988,1/8/1988,1988,8,1
1988-07,7/1/1988,63.137,1/7/1988,1/7/1988,1988,7,1
1988-06,6/1/1988,62.917,1/6/1988,1/6/1988,1988,6,1
1988-05,5/1/1988,62.734,1/5/1988,1/5/1988,1988,5,1
1988-04,4/1/1988,62.587,1/4/1988,1/4/1988,1988,4,1
1988-03,3/1/1988,62.294,1/3/1988,1/3/1988,1988,3,1
1988-02,2/1/1988,62.11,1/2/1988,1/2/1988,1988,2,1
1988-01,1/1/1988,62.001,1/1/1988,1/1/1988,1988,1,1
1987-12,12/1/1987,61.891,1/12/1987,1/12/1987,1987,12,1
1987-11,11/1/1987,61.854,1/11/1987,1/11/1987,1987,11,1
1987-10,10/1/1987,61.781,1/10/1987,1/10/1987,1987,10,1
1987-09,9/1/1987,61.634,1/9/1987,1/9/1987,1987,9,1
1987-08,8/1/1987,61.597,1/8/1987,1/8/1987,1987,8,1
1987-07,7/1/1987,61.451,1/7/1987,1/7/1987,1987,7,1
1987-06,6/1/1987,61.304,1/6/1987,1/6/1987,1987,6,1
1987-05,5/1/1987,61.194,1/5/1987,1/5/1987,1987,5,1
1987-04,4/1/1987,61.084,1/4/1987,1/4/1987,1987,4,1
1987-03,3/1/1987,60.754,1/3/1987,1/3/1987,1987,3,1
1987-02,2/1/1987,60.681,1/2/1987,1/2/1987,1987,2,1
1987-01,1/1/1987,60.571,1/1/1987,1/1/1987,1987,1,1
1986-12,12/1/1986,60.021,1/12/1986,1/12/1986,1986,12,1
1986-11,11/1/1986,59.947,1/11/1986,1/11/1986,1986,11,1
1986-10,10/1/1986,59.874,1/10/1986,1/10/1986,1986,10,1
1986-09,9/1/1986,59.727,1/9/1986,1/9/1986,1986,9,1
1986-08,8/1/1986,59.507,1/8/1986,1/8/1986,1986,8,1
1986-07,7/1/1986,59.434,1/7/1986,1/7/1986,1986,7,1
1986-06,6/1/1986,59.361,1/6/1986,1/6/1986,1986,6,1
1986-05,5/1/1986,59.177,1/5/1986,1/5/1986,1986,5,1
1986-04,4/1/1986,59.031,1/4/1986,1/4/1986,1986,4,1
1986-03,3/1/1986,58.811,1/3/1986,1/3/1986,1986,3,1
1986-02,2/1/1986,58.664,1/2/1986,1/2/1986,1986,2,1
1986-01,1/1/1986,58.811,1/1/1986,1/1/1986,1986,1,1
1985-12,12/1/1985,58.774,1/12/1985,1/12/1985,1985,12,1
1985-11,11/1/1985,58.701,1/11/1985,1/11/1985,1985,11,1
1985-10,10/1/1985,58.591,1/10/1985,1/10/1985,1985,10,1
1985-09,9/1/1985,58.407,1/9/1985,1/9/1985,1985,9,1
1985-08,8/1/1985,58.334,1/8/1985,1/8/1985,1985,8,1
1985-07,7/1/1985,58.261,1/7/1985,1/7/1985,1985,7,1
1985-06,6/1/1985,58.041,1/6/1985,1/6/1985,1985,6,1
1985-05,5/1/1985,57.821,1/5/1985,1/5/1985,1985,5,1
1985-04,4/1/1985,57.527,1/4/1985,1/4/1985,1985,4,1
1985-03,3/1/1985,57.124,1/3/1985,1/3/1985,1985,3,1
1985-02,2/1/1985,56.721,1/2/1985,1/2/1985,1985,2,1
1985-01,1/1/1985,56.427,1/1/1985,1/1/1985,1985,1,1
1984-12,12/1/1984,56.134,1/12/1984,1/12/1984,1984,12,1
1984-11,11/1/1984,56.024,1/11/1984,1/11/1984,1984,11,1
1984-10,10/1/1984,55.841,1/10/1984,1/10/1984,1984,10,1
1984-09,9/1/1984,55.474,1/9/1984,1/9/1984,1984,9,1
1984-08,8/1/1984,55.217,1/8/1984,1/8/1984,1984,8,1
1984-07,7/1/1984,54.924,1/7/1984,1/7/1984,1984,7,1
1984-06,6/1/1984,54.558,1/6/1984,1/6/1984,1984,6,1
1984-05,5/1/1984,54.301,1/5/1984,1/5/1984,1984,5,1
1984-04,4/1/1984,54.008,1/4/1984,1/4/1984,1984,4,1
1984-03,3/1/1984,53.678,1/3/1984,1/3/1984,1984,3,1
1984-02,2/1/1984,53.311,1/2/1984,1/2/1984,1984,2,1
1984-01,1/1/1984,52.981,1/1/1984,1/1/1984,1984,1,1
1983-12,12/1/1983,52.614,1/12/1983,1/12/1983,1983,12,1
1983-11,11/1/1983,52.431,1/11/1983,1/11/1983,1983,11,1
1983-10,10/1/1983,52.211,1/10/1983,1/10/1983,1983,10,1
1983-09,9/1/1983,51.808,1/9/1983,1/9/1983,1983,9,1
1983-08,8/1/1983,51.404,1/8/1983,1/8/1983,1983,8,1
1983-07,7/1/1983,51.111,1/7/1983,1/7/1983,1983,7,1
1983-06,6/1/1983,50.671,1/6/1983,1/6/1983,1983,6,1
1983-05,5/1/1983,50.378,1/5/1983,1/5/1983,1983,5,1
1983-04,4/1/1983,50.048,1/4/1983,1/4/1983,1983,4,1
1983-03,3/1/1983,49.424,1/3/1983,1/3/1983,1983,3,1
1983-02,2/1/1983,48.948,1/2/1983,1/2/1983,1983,2,1
1983-01,1/1/1983,48.618,1/1/1983,1/1/1983,1983,1,1
1982-12,12/1/1982,48.141,1/12/1982,1/12/1982,1982,12,1
1982-11,11/1/1982,47.738,1/11/1982,1/11/1982,1982,11,1
1982-10,10/1/1982,47.298,1/10/1982,1/10/1982,1982,10,1
1982-09,9/1/1982,47.041,1/9/1982,1/9/1982,1982,9,1
1982-08,8/1/1982,46.858,1/8/1982,1/8/1982,1982,8,1
1982-07,7/1/1982,46.711,1/7/1982,1/7/1982,1982,7,1
1982-06,6/1/1982,46.565,1/6/1982,1/6/1982,1982,6,1
1982-05,5/1/1982,46.235,1/5/1982,1/5/1982,1982,5,1
1982-04,4/1/1982,45.868,1/4/1982,1/4/1982,1982,4,1
1982-03,3/1/1982,45.355,1/3/1982,1/3/1982,1982,3,1
1982-02,2/1/1982,44.805,1/2/1982,1/2/1982,1982,2,1
1982-01,1/1/1982,44.365,1/1/1982,1/1/1982,1982,1,1
1981-12,12/1/1981,43.888,1/12/1981,1/12/1981,1981,12,1
1981-11,11/1/1981,43.631,1/11/1981,1/11/1981,1981,11,1
1981-10,10/1/1981,43.265,1/10/1981,1/10/1981,1981,10,1
1981-09,9/1/1981,42.715,1/9/1981,1/9/1981,1981,9,1
1981-08,8/1/1981,42.238,1/8/1981,1/8/1981,1981,8,1
1981-07,7/1/1981,41.725,1/7/1981,1/7/1981,1981,7,1
1981-06,6/1/1981,41.028,1/6/1981,1/6/1981,1981,6,1
1981-05,5/1/1981,40.625,1/5/1981,1/5/1981,1981,5,1
1981-04,4/1/1981,40.258,1/4/1981,1/4/1981,1981,4,1
1981-03,3/1/1981,39.708,1/3/1981,1/3/1981,1981,3,1
1981-02,2/1/1981,39.342,1/2/1981,1/2/1981,1981,2,1
1981-01,1/1/1981,38.975,1/1/1981,1/1/1981,1981,1,1
1980-12,12/1/1980,38.535,1/12/1980,1/12/1980,1980,12,1
1980-11,11/1/1980,38.168,1/11/1980,1/11/1980,1980,11,1
1980-10,10/1/1980,37.912,1/10/1980,1/10/1980,1980,10,1
1980-09,9/1/1980,37.508,1/9/1980,1/9/1980,1980,9,1
1980-08,8/1/1980,37.178,1/8/1980,1/8/1980,1980,8,1
1980-07,7/1/1980,36.812,1/7/1980,1/7/1980,1980,7,1
1980-06,6/1/1980,36.298,1/6/1980,1/6/1980,1980,6,1
1980-05,5/1/1980,36.042,1/5/1980,1/5/1980,1980,5,1
1980-04,4/1/1980,35.748,1/4/1980,1/4/1980,1980,4,1
1980-03,3/1/1980,35.308,1/3/1980,1/3/1980,1980,3,1
1980-02,2/1/1980,34.905,1/2/1980,1/2/1980,1980,2,1
1980-01,1/1/1980,34.538,1/1/1980,1/1/1980,1980,1,1
1979-12,12/1/1979,33.878,1/12/1979,1/12/1979,1979,12,1
1979-11,11/1/1979,33.622,1/11/1979,1/11/1979,1979,11,1
1979-10,10/1/1979,33.402,1/10/1979,1/10/1979,1979,10,1
1979-09,9/1/1979,33.035,1/9/1979,1/9/1979,1979,9,1
1979-08,8/1/1979,32.742,1/8/1979,1/8/1979,1979,8,1
1979-07,7/1/1979,32.412,1/7/1979,1/7/1979,1979,7,1
1979-06,6/1/1979,31.972,1/6/1979,1/6/1979,1979,6,1
1979-05,5/1/1979,31.715,1/5/1979,1/5/1979,1979,5,1
1979-04,4/1/1979,31.385,1/4/1979,1/4/1979,1979,4,1
1979-03,3/1/1979,31.092,1/3/1979,1/3/1979,1979,3,1
1979-02,2/1/1979,30.799,1/2/1979,1/2/1979,1979,2,1
1979-01,1/1/1979,30.579,1/1/1979,1/1/1979,1979,1,1
1978-12,12/1/1978,30.322,1/12/1978,1/12/1978,1978,12,1
1978-11,11/1/1978,30.175,1/11/1978,1/11/1978,1978,11,1
1978-10,10/1/1978,30.029,1/10/1978,1/10/1978,1978,10,1
1978-09,9/1/1978,29.735,1/9/1978,1/9/1978,1978,9,1
1978-08,8/1/1978,29.552,1/8/1978,1/8/1978,1978,8,1
1978-07,7/1/1978,29.369,1/7/1978,1/7/1978,1978,7,1
1978-06,6/1/1978,29.002,1/6/1978,1/6/1978,1978,6,1
1978-05,5/1/1978,28.819,1/5/1978,1/5/1978,1978,5,1
1978-04,4/1/1978,28.525,1/4/1978,1/4/1978,1978,4,1
1978-03,3/1/1978,28.232,1/3/1978,1/3/1978,1978,3,1
1978-02,2/1/1978,27.975,1/2/1978,1/2/1978,1978,2,1
1978-01,1/1/1978,27.755,1/1/1978,1/1/1978,1978,1,1
1977-12,12/1/1977,27.645,1/12/1977,1/12/1977,1977,12,1
1977-11,11/1/1977,27.572,1/11/1977,1/11/1977,1977,11,1
1977-10,10/1/1977,27.462,1/10/1977,1/10/1977,1977,10,1
1977-09,9/1/1977,27.242,1/9/1977,1/9/1977,1977,9,1
1977-08,8/1/1977,27.022,1/8/1977,1/8/1977,1977,8,1
1977-07,7/1/1977,26.875,1/7/1977,1/7/1977,1977,7,1
1977-06,6/1/1977,26.619,1/6/1977,1/6/1977,1977,6,1
1977-05,5/1/1977,26.435,1/5/1977,1/5/1977,1977,5,1
1977-04,4/1/1977,26.179,1/4/1977,1/4/1977,1977,4,1
1977-03,3/1/1977,25.849,1/3/1977,1/3/1977,1977,3,1
1977-02,2/1/1977,25.592,1/2/1977,1/2/1977,1977,2,1
1977-01,1/1/1977,25.446,1/1/1977,1/1/1977,1977,1,1
1976-12,12/1/1976,25.372,1/12/1976,1/12/1976,1976,12,1
1976-11,11/1/1976,25.262,1/11/1976,1/11/1976,1976,11,1
1976-10,10/1/1976,25.079,1/10/1976,1/10/1976,1976,10,1
1976-09,9/1/1976,24.822,1/9/1976,1/9/1976,1976,9,1
1976-08,8/1/1976,24.566,1/8/1976,1/8/1976,1976,8,1
1976-07,7/1/1976,24.382,1/7/1976,1/7/1976,1976,7,1
1976-06,6/1/1976,24.162,1/6/1976,1/6/1976,1976,6,1
1976-05,5/1/1976,24.052,1/5/1976,1/5/1976,1976,5,1
1976-04,4/1/1976,23.906,1/4/1976,1/4/1976,1976,4,1
1976-03,3/1/1976,23.686,1/3/1976,1/3/1976,1976,3,1
1976-02,2/1/1976,23.502,1/2/1976,1/2/1976,1976,2,1
1976-01,1/1/1976,23.319,1/1/1976,1/1/1976,1976,1,1
1975-12,12/1/1975,23.099,1/12/1975,1/12/1975,1975,12,1
1975-11,11/1/1975,22.952,1/11/1975,1/11/1975,1975,11,1
1975-10,10/1/1975,22.806,1/10/1975,1/10/1975,1975,10,1
1975-09,9/1/1975,22.622,1/9/1975,1/9/1975,1975,9,1
1975-08,8/1/1975,22.439,1/8/1975,1/8/1975,1975,8,1
1975-07,7/1/1975,22.292,1/7/1975,1/7/1975,1975,7,1
1975-06,6/1/1975,22.146,1/6/1975,1/6/1975,1975,6,1
1975-05,5/1/1975,21.962,1/5/1975,1/5/1975,1975,5,1
1975-04,4/1/1975,21.816,1/4/1975,1/4/1975,1975,4,1
1975-03,3/1/1975,21.632,1/3/1975,1/3/1975,1975,3,1
1975-02,2/1/1975,21.449,1/2/1975,1/2/1975,1975,2,1
1975-01,1/1/1975,21.302,1/1/1975,1/1/1975,1975,1,1
1974-12,12/1/1974,21.046,1/12/1974,1/12/1974,1974,12,1
1974-11,11/1/1974,20.862,1/11/1974,1/11/1974,1974,11,1
1974-10,10/1/1974,20.679,1/10/1974,1/10/1974,1974,10,1
1974-09,9/1/1974,20.459,1/9/1974,1/9/1974,1974,9,1
1974-08,8/1/1974,20.239,1/8/1974,1/8/1974,1974,8,1
1974-07,7/1/1974,20.056,1/7/1974,1/7/1974,1974,7,1
1974-06,6/1/1974,19.799,1/6/1974,1/6/1974,1974,6,1
1974-05,5/1/1974,19.579,1/5/1974,1/5/1974,1974,5,1
1974-04,4/1/1974,19.359,1/4/1974,1/4/1974,1974,4,1
1974-03,3/1/1974,19.066,1/3/1974,1/3/1974,1974,3,1
1974-02,2/1/1974,18.846,1/2/1974,1/2/1974,1974,2,1
1974-01,1/1/1974,18.589,1/1/1974,1/1/1974,1974,1,1
1973-12,12/1/1973,18.296,1/12/1973,1/12/1973,1973,12,1
1973-11,11/1/1973,18.149,1/11/1973,1/11/1973,1973,11,1
1973-10,10/1/1973,18.003,1/10/1973,1/10/1973,1973,10,1
1973-09,9/1/1973,17.819,1/9/1973,1/9/1973,1973,9,1
1973-08,8/1/1973,17.636,1/8/1973,1/8/1973,1973,8,1
1973-07,7/1/1973,17.526,1/7/1973,1/7/1973,1973,7,1
1973-06,6/1/1973,17.379,1/6/1973,1/6/1973,1973,6,1
1973-05,5/1/1973,17.269,1/5/1973,1/5/1973,1973,5,1
1973-04,4/1/1973,17.086,1/4/1973,1/4/1973,1973,4,1
1973-03,3/1/1973,16.976,1/3/1973,1/3/1973,1973,3,1
1973-02,2/1/1973,16.903,1/2/1973,1/2/1973,1973,2,1
1973-01,1/1/1973,16.866,1/1/1973,1/1/1973,1973,1,1
1972-12,12/1/1972,16.866,1/12/1972,1/12/1972,1972,12,1
1972-11,11/1/1972,16.756,1/11/1972,1/11/1972,1972,11,1
1972-10,10/1/1972,16.646,1/10/1972,1/10/1972,1972,10,1
1972-09,9/1/1972,16.499,1/9/1972,1/9/1972,1972,9,1
1972-08,8/1/1972,16.426,1/8/1972,1/8/1972,1972,8,1
1972-07,7/1/1972,16.316,1/7/1972,1/7/1972,1972,7,1
1972-06,6/1/1972,16.206,1/6/1972,1/6/1972,1972,6,1
1972-05,5/1/1972,16.096,1/5/1972,1/5/1972,1972,5,1
1972-04,4/1/1972,16.023,1/4/1972,1/4/1972,1972,4,1
1972-03,3/1/1972,15.949,1/3/1972,1/3/1972,1972,3,1
1972-02,2/1/1972,15.876,1/2/1972,1/2/1972,1972,2,1
1972-01,1/1/1972,15.803,1/1/1972,1/1/1972,1972,1,1
1971-12,12/1/1971,15.766,1/12/1971,1/12/1971,1971,12,1
1971-11,11/1/1971,15.693,1/11/1971,1/11/1971,1971,11,1
1971-10,10/1/1971,15.619,1/10/1971,1/10/1971,1971,10,1
1971-09,9/1/1971,15.546,1/9/1971,1/9/1971,1971,9,1
1971-08,8/1/1971,15.473,1/8/1971,1/8/1971,1971,8,1
1971-07,7/1/1971,15.399,1/7/1971,1/7/1971,1971,7,1
1971-06,6/1/1971,15.326,1/6/1971,1/6/1971,1971,6,1
1971-05,5/1/1971,15.289,1/5/1971,1/5/1971,1971,5,1
1971-04,4/1/1971,15.179,1/4/1971,1/4/1971,1971,4,1
1971-03,3/1/1971,15.069,1/3/1971,1/3/1971,1971,3,1
1971-02,2/1/1971,15.033,1/2/1971,1/2/1971,1971,2,1
1971-01,1/1/1971,14.923,1/1/1971,1/1/1971,1971,1,1
1970-12,12/1/1970,14.849,1/12/1970,1/12/1970,1970,12,1
1970-11,11/1/1970,14.813,1/11/1970,1/11/1970,1970,11,1
1970-10,10/1/1970,14.739,1/10/1970,1/10/1970,1970,10,1
1970-09,9/1/1970,14.703,1/9/1970,1/9/1970,1970,9,1
1970-08,8/1/1970,14.629,1/8/1970,1/8/1970,1970,8,1
1970-07,7/1/1970,14.593,1/7/1970,1/7/1970,1970,7,1
1970-06,6/1/1970,14.556,1/6/1970,1/6/1970,1970,6,1
1970-05,5/1/1970,14.483,1/5/1970,1/5/1970,1970,5,1
1970-04,4/1/1970,14.409,1/4/1970,1/4/1970,1970,4,1
1970-03,3/1/1970,14.336,1/3/1970,1/3/1970,1970,3,1
1970-02,2/1/1970,14.263,1/2/1970,1/2/1970,1970,2,1
1970-01,1/1/1970,14.226,1/1/1970,1/1/1970,1970,1,1
1969-12,12/1/1969,14.079,1/12/1969,1/12/1969,1969,12,1
1969-11,11/1/1969,14.043,1/11/1969,1/11/1969,1969,11,1
1969-10,10/1/1969,13.969,1/10/1969,1/10/1969,1969,10,1
1969-09,9/1/1969,13.896,1/9/1969,1/9/1969,1969,9,1
1969-08,8/1/1969,13.823,1/8/1969,1/8/1969,1969,8,1
1969-07,7/1/1969,13.786,1/7/1969,1/7/1969,1969,7,1
1969-06,6/1/1969,13.713,1/6/1969,1/6/1969,1969,6,1
1969-05,5/1/1969,13.676,1/5/1969,1/5/1969,1969,5,1
1969-04,4/1/1969,13.639,1/4/1969,1/4/1969,1969,4,1
1969-03,3/1/1969,13.566,1/3/1969,1/3/1969,1969,3,1
1969-02,2/1/1969,13.493,1/2/1969,1/2/1969,1969,2,1
1969-01,1/1/1969,13.456,1/1/1969,1/1/1969,1969,1,1
1968-12,12/1/1968,13.309,1/12/1968,1/12/1968,1968,12,1
1968-11,11/1/1968,13.273,1/11/1968,1/11/1968,1968,11,1
1968-10,10/1/1968,13.236,1/10/1968,1/10/1968,1968,10,1
1968-09,9/1/1968,13.089,1/9/1968,1/9/1968,1968,9,1
1968-08,8/1/1968,13.016,1/8/1968,1/8/1968,1968,8,1
1968-07,7/1/1968,12.943,1/7/1968,1/7/1968,1968,7,1
1968-06,6/1/1968,12.906,1/6/1968,1/6/1968,1968,6,1
1968-05,5/1/1968,12.869,1/5/1968,1/5/1968,1968,5,1
1968-04,4/1/1968,12.796,1/4/1968,1/4/1968,1968,4,1
1968-03,3/1/1968,12.796,1/3/1968,1/3/1968,1968,3,1
1968-02,2/1/1968,12.796,1/2/1968,1/2/1968,1968,2,1
1968-01,1/1/1968,12.759,1/1/1968,1/1/1968,1968,1,1
1967-12,12/1/1967,12.649,1/12/1967,1/12/1967,1967,12,1
1967-11,11/1/1967,12.613,1/11/1967,1/11/1967,1967,11,1
1967-10,10/1/1967,12.539,1/10/1967,1/10/1967,1967,10,1
1967-09,9/1/1967,12.466,1/9/1967,1/9/1967,1967,9,1
1967-08,8/1/1967,12.429,1/8/1967,1/8/1967,1967,8,1
1967-07,7/1/1967,12.393,1/7/1967,1/7/1967,1967,7,1
1967-06,6/1/1967,12.356,1/6/1967,1/6/1967,1967,6,1
1967-05,5/1/1967,12.356,1/5/1967,1/5/1967,1967,5,1
1967-04,4/1/1967,12.319,1/4/1967,1/4/1967,1967,4,1
1967-03,3/1/1967,12.319,1/3/1967,1/3/1967,1967,3,1
1967-02,2/1/1967,12.283,1/2/1967,1/2/1967,1967,2,1
1967-01,1/1/1967,12.283,1/1/1967,1/1/1967,1967,1,1
1966-12,12/1/1966,12.209,1/12/1966,1/12/1966,1966,12,1
1966-11,11/1/1966,12.209,1/11/1966,1/11/1966,1966,11,1
1966-10,10/1/1966,12.136,1/10/1966,1/10/1966,1966,10,1
1966-09,9/1/1966,12.136,1/9/1966,1/9/1966,1966,9,1
1966-08,8/1/1966,12.099,1/8/1966,1/8/1966,1966,8,1
1966-07,7/1/1966,12.099,1/7/1966,1/7/1966,1966,7,1
1966-06,6/1/1966,12.063,1/6/1966,1/6/1966,1966,6,1
1966-05,5/1/1966,12.063,1/5/1966,1/5/1966,1966,5,1
1966-04,4/1/1966,12.026,1/4/1966,1/4/1966,1966,4,1
1966-03,3/1/1966,11.989,1/3/1966,1/3/1966,1966,3,1
1966-02,2/1/1966,11.953,1/2/1966,1/2/1966,1966,2,1
1966-01,1/1/1966,11.953,1/1/1966,1/1/1966,1966,1,1
1965-12,12/1/1965,11.879,1/12/1965,1/12/1965,1965,12,1
1965-11,11/1/1965,11.843,1/11/1965,1/11/1965,1965,11,1
1965-10,10/1/1965,11.843,1/10/1965,1/10/1965,1965,10,1
1965-09,9/1/1965,11.806,1/9/1965,1/9/1965,1965,9,1
1965-08,8/1/1965,11.769,1/8/1965,1/8/1965,1965,8,1
1965-07,7/1/1965,11.806,1/7/1965,1/7/1965,1965,7,1
1965-06,6/1/1965,11.916,1/6/1965,1/6/1965,1965,6,1
1965-05,5/1/1965,11.733,1/5/1965,1/5/1965,1965,5,1
1965-04,4/1/1965,11.696,1/4/1965,1/4/1965,1965,4,1
1965-03,3/1/1965,11.659,1/3/1965,1/3/1965,1965,3,1
1965-02,2/1/1965,11.659,1/2/1965,1/2/1965,1965,2,1
1965-01,1/1/1965,11.623,1/1/1965,1/1/1965,1965,1,1
1964-12,12/1/1964,11.586,1/12/1964,1/12/1964,1964,12,1
1964-11,11/1/1964,11.586,1/11/1964,1/11/1964,1964,11,1
1964-10,10/1/1964,11.586,1/10/1964,1/10/1964,1964,10,1
1964-09,9/1/1964,11.549,1/9/1964,1/9/1964,1964,9,1
1964-08,8/1/1964,11.476,1/8/1964,1/8/1964,1964,8,1
1964-07,7/1/1964,11.476,1/7/1964,1/7/1964,1964,7,1
1964-06,6/1/1964,11.439,1/6/1964,1/6/1964,1964,6,1
1964-05,5/1/1964,11.403,1/5/1964,1/5/1964,1964,5,1
1964-04,4/1/1964,11.403,1/4/1964,1/4/1964,1964,4,1
1964-03,3/1/1964,11.366,1/3/1964,1/3/1964,1964,3,1
1964-02,2/1/1964,11.366,1/2/1964,1/2/1964,1964,2,1
1964-01,1/1/1964,11.366,1/1/1964,1/1/1964,1964,1,1
1963-12,12/1/1963,11.329,1/12/1963,1/12/1963,1963,12,1
1963-11,11/1/1963,11.293,1/11/1963,1/11/1963,1963,11,1
1963-10,10/1/1963,11.256,1/10/1963,1/10/1963,1963,10,1
1963-09,9/1/1963,11.256,1/9/1963,1/9/1963,1963,9,1
1963-08,8/1/1963,11.183,1/8/1963,1/8/1963,1963,8,1
1963-07,7/1/1963,11.146,1/7/1963,1/7/1963,1963,7,1
1963-06,6/1/1963,11.073,1/6/1963,1/6/1963,1963,6,1
1963-05,5/1/1963,11.036,1/5/1963,1/5/1963,1963,5,1
1963-04,4/1/1963,10.963,1/4/1963,1/4/1963,1963,4,1
1963-03,3/1/1963,10.963,1/3/1963,1/3/1963,1963,3,1
1963-02,2/1/1963,10.926,1/2/1963,1/2/1963,1963,2,1
1963-01,1/1/1963,10.853,1/1/1963,1/1/1963,1963,1,1
1962-12,12/1/1962,10.706,1/12/1962,1/12/1962,1962,12,1
1962-11,11/1/1962,10.67,1/11/1962,1/11/1962,1962,11,1
1962-10,10/1/1962,10.56,1/10/1962,1/10/1962,1962,10,1
1962-09,9/1/1962,10.523,1/9/1962,1/9/1962,1962,9,1
1962-08,8/1/1962,10.486,1/8/1962,1/8/1962,1962,8,1
1962-07,7/1/1962,10.523,1/7/1962,1/7/1962,1962,7,1
1962-06,6/1/1962,10.45,1/6/1962,1/6/1962,1962,6,1
1962-05,5/1/1962,10.413,1/5/1962,1/5/1962,1962,5,1
1962-04,4/1/1962,10.376,1/4/1962,1/4/1962,1962,4,1
1962-03,3/1/1962,10.376,1/3/1962,1/3/1962,1962,3,1
1962-02,2/1/1962,10.303,1/2/1962,1/2/1962,1962,2,1
1962-01,1/1/1962,10.303,1/1/1962,1/1/1962,1962,1,1
1961-12,12/1/1961,10.266,1/12/1961,1/12/1961,1961,12,1
1961-11,11/1/1961,10.23,1/11/1961,1/11/1961,1961,11,1
1961-10,10/1/1961,10.12,1/10/1961,1/10/1961,1961,10,1
1961-09,9/1/1961,10.01,1/9/1961,1/9/1961,1961,9,1
1961-08,8/1/1961,9.936,1/8/1961,1/8/1961,1961,8,1
1961-07,7/1/1961,9.9,1/7/1961,1/7/1961,1961,7,1
1961-06,6/1/1961,9.826,1/6/1961,1/6/1961,1961,6,1
1961-05,5/1/1961,9.826,1/5/1961,1/5/1961,1961,5,1
1961-04,4/1/1961,9.863,1/4/1961,1/4/1961,1961,4,1
1961-03,3/1/1961,9.863,1/3/1961,1/3/1961,1961,3,1
1961-02,2/1/1961,9.863,1/2/1961,1/2/1961,1961,2,1
1961-01,1/1/1961,9.863,1/1/1961,1/1/1961,1961,1,1
1960-12,12/1/1960,9.863,1/12/1960,1/12/1960,1960,12,1
1960-11,11/1/1960,9.826,1/11/1960,1/11/1960,1960,11,1
1960-10,10/1/1960,9.79,1/10/1960,1/10/1960,1960,10,1
1960-09,9/1/1960,9.79,1/9/1960,1/9/1960,1960,9,1
1960-08,8/1/1960,9.79,1/8/1960,1/8/1960,1960,8,1
1960-07,7/1/1960,9.68,1/7/1960,1/7/1960,1960,7,1
1960-06,6/1/1960,9.643,1/6/1960,1/6/1960,1960,6,1
1960-05,5/1/1960,9.643,1/5/1960,1/5/1960,1960,5,1
1960-04,4/1/1960,9.68,1/4/1960,1/4/1960,1960,4,1
1960-03,3/1/1960,9.643,1/3/1960,1/3/1960,1960,3,1
1960-02,2/1/1960,9.643,1/2/1960,1/2/1960,1960,2,1
1960-01,1/1/1960,9.643,1/1/1960,1/1/1960,1960,1,1
1959-12,12/1/1959,9.496,1/12/1959,1/12/1959,1959,12,1
1959-11,11/1/1959,9.496,1/11/1959,1/11/1959,1959,11,1
1959-10,10/1/1959,9.46,1/10/1959,1/10/1959,1959,10,1
1959-09,9/1/1959,9.386,1/9/1959,1/9/1959,1959,9,1
1959-08,8/1/1959,9.35,1/8/1959,1/8/1959,1959,8,1
1959-07,7/1/1959,9.276,1/7/1959,1/7/1959,1959,7,1
1959-06,6/1/1959,9.24,1/6/1959,1/6/1959,1959,6,1
1959-05,5/1/1959,9.24,1/5/1959,1/5/1959,1959,5,1
1959-04,4/1/1959,9.276,1/4/1959,1/4/1959,1959,4,1
1959-03,3/1/1959,9.276,1/3/1959,1/3/1959,1959,3,1
1959-02,2/1/1959,9.313,1/2/1959,1/2/1959,1959,2,1
1959-01,1/1/1959,9.203,1/1/1959,1/1/1959,1959,1,1
1958-12,12/1/1958,8.983,1/12/1958,1/12/1958,1958,12,1
1958-11,11/1/1958,8.946,1/11/1958,1/11/1958,1958,11,1
1958-10,10/1/1958,8.983,1/10/1958,1/10/1958,1958,10,1
1958-09,9/1/1958,8.946,1/9/1958,1/9/1958,1958,9,1
1958-08,8/1/1958,8.91,1/8/1958,1/8/1958,1958,8,1
1958-07,7/1/1958,8.873,1/7/1958,1/7/1958,1958,7,1
1958-06,6/1/1958,8.873,1/6/1958,1/6/1958,1958,6,1
1958-05,5/1/1958,8.8,1/5/1958,1/5/1958,1958,5,1
1958-04,4/1/1958,8.8,1/4/1958,1/4/1958,1958,4,1
1958-03,3/1/1958,8.726,1/3/1958,1/3/1958,1958,3,1
1958-02,2/1/1958,8.616,1/2/1958,1/2/1958,1958,2,1
1958-01,1/1/1958,8.506,1/1/1958,1/1/1958,1958,1,1
1957-12,12/1/1957,8.213,1/12/1957,1/12/1957,1957,12,1
1957-11,11/1/1957,8.066,1/11/1957,1/11/1957,1957,11,1
1957-10,10/1/1957,7.883,1/10/1957,1/10/1957,1957,10,1
1957-09,9/1/1957,7.773,1/9/1957,1/9/1957,1957,9,1
1957-08,8/1/1957,7.663,1/8/1957,1/8/1957,1957,8,1
1957-07,7/1/1957,7.59,1/7/1957,1/7/1957,1957,7,1
1957-06,6/1/1957,7.516,1/6/1957,1/6/1957,1957,6,1
1957-05,5/1/1957,7.48,1/5/1957,1/5/1957,1957,5,1
1957-04,4/1/1957,7.443,1/4/1957,1/4/1957,1957,4,1
1957-03,3/1/1957,7.443,1/3/1957,1/3/1957,1957,3,1
1957-02,2/1/1957,7.516,1/2/1957,1/2/1957,1957,2,1
1957-01,1/1/1957,7.516,1/1/1957,1/1/1957,1957,1,1
1956-12,12/1/1956,7.48,1/12/1956,1/12/1956,1956,12,1
1956-11,11/1/1956,7.48,1/11/1956,1/11/1956,1956,11,1
1956-10,10/1/1956,7.48,1/10/1956,1/10/1956,1956,10,1
1956-09,9/1/1956,7.48,1/9/1956,1/9/1956,1956,9,1
1956-08,8/1/1956,7.443,1/8/1956,1/8/1956,1956,8,1
1956-07,7/1/1956,7.406,1/7/1956,1/7/1956,1956,7,1
1956-06,6/1/1956,7.443,1/6/1956,1/6/1956,1956,6,1
1956-05,5/1/1956,7.516,1/5/1956,1/5/1956,1956,5,1
1956-04,4/1/1956,7.443,1/4/1956,1/4/1956,1956,4,1
1956-03,3/1/1956,7.48,1/3/1956,1/3/1956,1956,3,1
1956-02,2/1/1956,7.48,1/2/1956,1/2/1956,1956,2,1
1956-01,1/1/1956,7.406,1/1/1956,1/1/1956,1956,1,1
1955-12,12/1/1955,7.37,1/12/1955,1/12/1955,1955,12,1
1955-11,11/1/1955,7.37,1/11/1955,1/11/1955,1955,11,1
1955-10,10/1/1955,7.37,1/10/1955,1/10/1955,1955,10,1
1955-09,9/1/1955,7.296,1/9/1955,1/9/1955,1955,9,1
1955-08,8/1/1955,7.223,1/8/1955,1/8/1955,1955,8,1
1955-07,7/1/1955,7.223,1/7/1955,1/7/1955,1955,7,1
1955-06,6/1/1955,7.296,1/6/1955,1/6/1955,1955,6,1
1955-05,5/1/1955,7.37,1/5/1955,1/5/1955,1955,5,1
1955-04,4/1/1955,7.296,1/4/1955,1/4/1955,1955,4,1
1955-03,3/1/1955,7.296,1/3/1955,1/3/1955,1955,3,1
1955-02,2/1/1955,7.333,1/2/1955,1/2/1955,1955,2,1
1955-01,1/1/1955,7.333,1/1/1955,1/1/1955,1955,1,1
1954-12,12/1/1954,7.296,1/12/1954,1/12/1954,1954,12,1
1954-11,11/1/1954,7.296,1/11/1954,1/11/1954,1954,11,1
1954-10,10/1/1954,7.223,1/10/1954,1/10/1954,1954,10,1
1954-09,9/1/1954,7.186,1/9/1954,1/9/1954,1954,9,1
1954-08,8/1/1954,7.15,1/8/1954,1/8/1954,1954,8,1
1954-07,7/1/1954,7.15,1/7/1954,1/7/1954,1954,7,1
1954-06,6/1/1954,7.26,1/6/1954,1/6/1954,1954,6,1
1954-05,5/1/1954,7.296,1/5/1954,1/5/1954,1954,5,1
1954-04,4/1/1954,7.186,1/4/1954,1/4/1954,1954,4,1
1954-03,3/1/1954,7.26,1/3/1954,1/3/1954,1954,3,1
1954-02,2/1/1954,7.296,1/2/1954,1/2/1954,1954,2,1
1954-01,1/1/1954,7.223,1/1/1954,1/1/1954,1954,1,1
1953-12,12/1/1953,7.186,1/12/1953,1/12/1953,1953,12,1
1953-11,11/1/1953,7.15,1/11/1953,1/11/1953,1953,11,1
1953-10,10/1/1953,7.113,1/10/1953,1/10/1953,1953,10,1
1953-09,9/1/1953,7.113,1/9/1953,1/9/1953,1953,9,1
1953-08,8/1/1953,7.223,1/8/1953,1/8/1953,1953,8,1
1953-07,7/1/1953,7.26,1/7/1953,1/7/1953,1953,7,1
1953-06,6/1/1953,7.333,1/6/1953,1/6/1953,1953,6,1
1953-05,5/1/1953,7.333,1/5/1953,1/5/1953,1953,5,1
1953-04,4/1/1953,7.296,1/4/1953,1/4/1953,1953,4,1
1953-03,3/1/1953,7.333,1/3/1953,1/3/1953,1953,3,1
1953-02,2/1/1953,7.37,1/2/1953,1/2/1953,1953,2,1
1953-01,1/1/1953,7.37,1/1/1953,1/1/1953,1953,1,1
1952-12,12/1/1952,7.333,1/12/1952,1/12/1952,1952,12,1
1952-11,11/1/1952,7.296,1/11/1952,1/11/1952,1952,11,1
1952-10,10/1/1952,7.296,1/10/1952,1/10/1952,1952,10,1
1952-09,9/1/1952,7.37,1/9/1952,1/9/1952,1952,9,1
1952-08,8/1/1952,7.296,1/8/1952,1/8/1952,1952,8,1
1952-07,7/1/1952,7.223,1/7/1952,1/7/1952,1952,7,1
1952-06,6/1/1952,7.223,1/6/1952,1/6/1952,1952,6,1
1952-05,5/1/1952,7.296,1/5/1952,1/5/1952,1952,5,1
1952-04,4/1/1952,7.406,1/4/1952,1/4/1952,1952,4,1
1952-03,3/1/1952,7.48,1/3/1952,1/3/1952,1952,3,1
1952-02,2/1/1952,7.516,1/2/1952,1/2/1952,1952,2,1
1952-01,1/1/1952,7.26,1/1/1952,1/1/1952,1952,1,1
1951-12,12/1/1951,7.223,1/12/1951,1/12/1951,1951,12,1
1951-11,11/1/1951,7.076,1/11/1951,1/11/1951,1951,11,1
1951-10,10/1/1951,6.856,1/10/1951,1/10/1951,1951,10,1
1951-09,9/1/1951,6.71,1/9/1951,1/9/1951,1951,9,1
1951-08,8/1/1951,6.636,1/8/1951,1/8/1951,1951,8,1
1951-07,7/1/1951,6.563,1/7/1951,1/7/1951,1951,7,1
1951-06,6/1/1951,6.526,1/6/1951,1/6/1951,1951,6,1
1951-05,5/1/1951,6.526,1/5/1951,1/5/1951,1951,5,1
1951-04,4/1/1951,6.343,1/4/1951,1/4/1951,1951,4,1
1951-03,3/1/1951,6.233,1/3/1951,1/3/1951,1951,3,1
1951-02,2/1/1951,6.086,1/2/1951,1/2/1951,1951,2,1
1951-01,1/1/1951,6.013,1/1/1951,1/1/1951,1951,1,1
1950-12,12/1/1950,5.94,1/12/1950,1/12/1950,1950,12,1
1950-09,9/1/1950,5.72,1/9/1950,1/9/1950,1950,9,1
1950-06,6/1/1950,5.39,1/6/1950,1/6/1950,1950,6,1
1950-03,3/1/1950,5.426,1/3/1950,1/3/1950,1950,3,1
1949-12,12/1/1949,5.28,1/12/1949,1/12/1949,1949,12,1
1949-09,9/1/1949,5.06,1/9/1949,1/9/1949,1949,9,1
1949-06,6/1/1949,4.876,1/6/1949,1/6/1949,1949,6,1
1949-03,3/1/1949,4.986,1/3/1949,1/3/1949,1949,3,1
